id,no,name,type1_id,type2_id,hp,attack,block,contact,deffence,speed,total,height,weight,form,characteristic1_id,characteristic2_id 2,characteristic3_id
1,001,フシギダネ,14,9,45,49,49,65,65,45,318,0,0,,73,222,0
2,002,フシギソウ,14,9,60,62,63,80,80,60,405,0,0,,73,222,0
3,003,フシギバナ,14,9,80,82,83,100,100,80,525,0,0,,73,222,0
4,003-1,メガフシギバナ,14,9,80,100,123,122,120,80,625,0,0,メガシンカ,4,0,0
5,004,ヒトカゲ,10,0,39,52,43,60,50,65,309,0,0,,213,65,0
6,005,リザード,10,0,58,64,58,80,65,80,405,0,0,,213,65,0
7,006,リザードン,10,12,78,84,78,109,85,100,534,0,0,,213,65,0
8,006-1,メガリザードンX,10,4,78,130,111,130,85,100,634,0,0,メガシンカ,35,0,0
9,006-2,メガリザードンY,10,12,78,104,78,159,115,100,634,0,0,メガシンカ,155,0,0
10,007,ゼニガメ,15,0,44,48,65,50,64,43,314,0,0,,59,8,0
11,008,カメール,15,0,59,63,80,65,80,58,405,0,0,,59,8,0
12,009,カメックス,15,0,79,83,100,85,105,78,530,0,0,,59,8,0
13,009-1,メガカメックス,15,0,79,103,120,135,115,78,630,0,0,メガシンカ,209,0,0
14,010,キャタピー,11,0,45,30,35,20,20,45,195,0,0,,230,132,0
15,011,トランセル,11,0,50,20,55,25,25,30,205,0,0,,105,0,0
16,012,バタフリー,11,12,60,45,50,90,80,70,395,0,0,,166,18,0
17,013,ビードル,11,9,40,35,30,20,20,50,195,0,0,,230,132,0
18,014,コクーン,11,9,45,25,50,25,25,35,205,0,0,,105,0,0
19,015,スピアー,11,9,65,90,40,45,80,75,395,0,0,,207,85,0
20,015-1,メガスピアー,11,9,65,150,40,15,80,145,495,0,0,メガシンカ,112,0,0
21,016,ポッポ,18,12,40,45,40,35,35,56,251,0,0,,91,110,145
22,017,ピジョン,18,12,63,60,55,50,50,71,349,0,0,,91,110,145
23,018,ピジョット,18,12,83,80,75,70,70,101,479,0,0,,91,110,145
24,018-1,メガピジョット,18,12,83,80,80,135,80,121,579,0,0,メガシンカ,137,0,0
25,019,コラッタ,18,0,30,56,35,25,35,72,253,0,0,,132,60,149
26,019-1,コラッタ:A,1,18,30,56,35,25,35,72,253,0,0,アローラの姿,54,149,4
27,020,ラッタ,18,0,55,81,60,50,70,97,413,0,0,,132,60,149
28,020-1,ラッタ:A,1,18,75,71,70,40,80,77,413,0,0,アローラの姿,54,149,4
29,021,オニスズメ,18,12,40,60,30,31,31,70,262,0,0,,91,85,0
30,022,オニドリル,18,12,65,90,65,61,61,100,442,0,0,,91,85,0
31,023,アーボ,9,0,35,60,44,40,54,55,288,0,0,,12,105,51
32,024,アーボック,9,0,60,95,69,65,79,80,448,0,0,,12,105,51
33,025,ピカチュウ,5,0,35,55,40,50,50,90,320,0,0,,96,157,0
34,026,ライチュウ,5,0,60,90,55,90,80,110,485,0,0,,96,157,0
35,026-1,ライチュウ:A,5,8,60,85,50,95,85,110,485,0,0,アローラの姿,61,0,0
36,027,サンド,13,0,50,75,85,20,30,40,300,0,0,,88,87,0
37,027-1,サンド:A,6,2,50,75,90,10,35,40,300,0,0,アローラの姿,220,219,0
38,028,サンドパン,13,0,75,100,110,45,55,65,450,0,0,,88,87,0
39,028-1,サンドパン:A,6,2,75,100,120,25,65,65,450,0,0,アローラの姿,220,219,0
40,029,ニドラン♀,9,0,55,47,52,40,40,41,275,0,0,,127,123,149
41,030,ニドリーナ,9,0,70,62,67,55,55,56,365,0,0,,127,123,149
42,031,ニドクイン,9,13,90,92,87,75,85,76,505,0,0,,127,123,107
43,032,ニドラン♂,9,0,46,57,40,40,40,50,273,0,0,,127,123,149
44,033,ニドリーノ,9,0,61,72,57,55,55,65,365,0,0,,127,123,149
45,034,ニドキング,9,13,81,102,77,85,75,85,505,0,0,,127,123,107
46,035,ピッピ,16,0,70,45,48,60,65,35,323,0,0,,211,197,176
47,036,ピクシー,16,0,95,70,73,95,90,60,483,0,0,,211,197,119
48,037,ロコン,10,0,38,41,40,50,65,65,299,0,0,,216,155,0
49,037-1,ロコン:A,6,0,38,41,40,50,65,65,299,0,0,アローラの姿,220,221,0
50,038,キュウコン,10,0,73,76,75,81,100,100,505,0,0,,216,155,0
51,038-1,キュウコン:A,6,16,73,67,75,81,100,109,505,0,0,アローラの姿,220,221,0
52,039,プリン,18,16,115,45,20,45,25,20,270,0,0,,211,37,176
53,040,プクリン,18,16,140,70,45,85,50,45,435,0,0,,211,37,27
54,041,ズバット,9,12,40,45,35,30,40,55,245,0,0,,95,90,0
55,042,ゴルバット,9,12,75,80,70,65,75,90,455,0,0,,95,90,0
56,043,ナゾノクサ,14,9,45,50,55,75,65,30,320,0,0,,222,132,0
57,044,クサイハナ,14,9,60,65,70,85,75,40,395,0,0,,222,3,0
58,045,ラフレシア,14,9,75,80,85,110,90,50,490,0,0,,222,185,0
59,046,パラス,11,14,35,70,55,45,55,25,285,0,0,,185,41,68
60,047,パラセクト,11,14,60,95,80,60,80,30,405,0,0,,185,41,68
61,048,コンパン,11,9,60,55,50,40,55,45,305,0,0,,166,18,132
62,049,モルフォン,11,9,70,65,60,90,75,90,450,0,0,,230,18,206
63,050,ディグダ,13,0,10,55,25,35,45,95,265,0,0,,88,10,89
64,050-1,ディグダ:A,13,2,10,55,30,35,45,90,265,0,0,アローラの姿,88,30,89
65,051,ダグトリオ,13,0,35,100,50,50,70,120,425,0,0,,88,10,89
66,051-1,ダグトリオ:A,13,2,35,100,60,50,70,110,425,0,0,アローラの姿,88,30,89
67,052,ニャース,18,0,40,45,35,40,40,90,290,0,0,,214,113,51
68,052-1,ニャース:A,1,0,40,35,35,50,40,90,290,0,0,アローラの姿,214,113,160
69,053,ペルシアン,18,0,65,70,60,65,65,115,440,0,0,,76,113,51
70,053-1,ペルシアン:A,1,0,65,60,60,75,65,115,440,0,0,アローラの姿,161,113,160
71,054,コダック,15,0,50,52,48,65,50,55,320,0,0,,68,138,80
72,055,ゴルダック,15,0,80,82,78,95,80,85,500,0,0,,68,138,80
73,056,マンキー,3,0,40,80,35,35,45,70,305,0,0,,217,13,195
74,057,オコリザル,3,0,65,105,60,60,70,95,455,0,0,,217,13,195
75,058,ガーディ,10,0,55,70,45,70,50,60,350,0,0,,12,216,94
76,059,ウインディ,10,0,90,110,80,100,80,95,555,0,0,,12,216,94
77,060,ニョロモ,15,0,40,50,40,40,40,90,300,0,0,,111,68,80
78,061,ニョロゾ,15,0,65,65,65,50,50,90,385,0,0,,111,68,80
79,062,ニョロボン,15,3,90,95,95,70,90,70,510,0,0,,111,68,80
80,063,ケーシィ,8,0,25,20,15,105,55,90,310,0,0,,72,95,197
81,064,ユンゲラー,8,0,40,35,30,120,70,105,400,0,0,,72,95,197
82,065,フーディン,8,0,55,50,45,135,95,120,500,0,0,,72,95,197
83,065-1,メガフーディン,8,0,55,50,65,175,105,150,600,0,0,メガシンカ,125,0,0
84,066,ワンリキー,3,0,70,80,50,35,35,35,305,0,0,,60,137,167
85,067,ゴーリキー,3,0,80,100,70,50,60,45,405,0,0,,60,137,167
86,068,カイリキー,3,0,90,130,80,65,85,55,505,0,0,,60,137,167
87,069,マダツボミ,14,9,50,75,35,70,30,40,300,0,0,,222,54,0
88,070,ウツドン,14,9,65,90,50,85,45,55,390,0,0,,222,54,0
89,071,ウツボット,14,9,80,105,65,100,70,70,490,0,0,,222,54,0
90,072,メノクラゲ,15,9,40,40,35,50,100,70,335,0,0,,57,181,8
91,073,ドククラゲ,15,9,80,70,65,80,120,100,515,0,0,,57,181,8
92,074,イシツブテ,17,13,40,80,100,30,30,20,300,0,0,,14,42,88
93,074-1,イシツブテ:A,17,5,40,80,100,30,30,20,300,0,0,アローラの姿,78,42,22
94,075,ゴローン,17,13,55,95,115,45,45,35,390,0,0,,14,42,88
95,075-1,ゴローン:A,17,5,55,95,115,45,45,35,390,0,0,アローラの姿,78,42,22
96,076,ゴローニャ,17,13,80,120,130,55,65,45,495,0,0,,14,42,88
97,076-1,ゴローニャ:A,17,5,80,120,130,55,65,45,495,0,0,アローラの姿,78,42,22
98,077,ポニータ,10,0,50,85,55,65,65,90,410,0,0,,132,216,187
99,078,ギャロップ,10,0,65,100,70,80,80,105,500,0,0,,132,216,187
100,079,ヤドン,15,8,90,65,65,40,40,15,315,0,0,,129,193,63
101,080,ヤドラン,15,8,95,75,110,100,80,30,490,0,0,,129,193,63
102,080-1,メガヤドラン,15,8,95,75,180,130,80,30,590,0,0,メガシンカ,66,0,0
103,081,コイル,5,2,25,35,70,95,55,45,325,0,0,,78,42,6
104,082,レアコイル,5,2,50,60,95,120,70,70,465,0,0,,78,42,6
105,083,カモネギ,18,12,52,90,55,58,62,60,377,0,0,,91,95,195
106,084,ドードー,18,12,35,85,45,35,35,75,310,0,0,,132,147,110
107,085,ドードリオ,18,12,60,110,70,60,60,110,470,0,0,,132,147,110
108,086,パウワウ,15,0,65,45,55,45,70,45,325,0,0,,4,20,2
109,087,ジュゴン,15,6,90,70,80,70,95,70,475,0,0,,4,20,2
110,088,ベトベター,9,0,80,80,50,40,50,25,325,0,0,,3,136,126
111,088-1,ベトベター:A,9,1,80,80,50,40,50,25,325,0,0,アローラの姿,126,54,32
112,089,ベトベトン,9,0,105,105,75,65,100,50,500,0,0,,3,136,126
113,089-1,ベトベトン:A,9,1,105,105,75,65,100,50,500,0,0,アローラの姿,126,54,32
114,090,シェルダー,15,0,30,65,100,45,25,40,305,0,0,,66,83,189
115,091,パルシェン,15,6,50,95,180,85,45,70,525,0,0,,66,83,189
116,092,ゴース,7,9,30,35,30,100,35,80,310,0,0,,172,0,0
117,093,ゴースト,7,9,45,50,45,115,55,95,405,0,0,,172,0,0
118,094,ゲンガー,7,9,60,65,60,130,75,110,500,0,0,,140,0,0
119,094-1,メガゲンガー,7,9,60,65,80,170,95,130,600,0,0,メガシンカ,33,0,0
120,095,イワーク,17,13,35,45,160,30,45,70,385,0,0,,14,42,56
121,096,スリープ,8,0,60,48,45,43,90,42,328,0,0,,171,224,95
122,097,スリーパー　,8,0,85,73,70,73,115,67,483,0,0,,171,224,95
123,098,クラブ,15,0,30,105,90,25,25,50,325,0,0,,31,66,107
124,099,キングラー,15,0,55,130,115,50,50,75,475,0,0,,31,66,107
125,100,ビリリダマ,5,0,40,30,50,55,55,100,330,0,0,,188,96,218
126,101,マルマイン,5,0,60,50,70,80,80,150,490,0,0,,188,96,218
127,102,タマタマ,14,8,60,40,80,60,45,40,325,0,0,,222,69,0
128,103,ナッシー,14,8,95,95,85,125,75,55,530,0,0,,222,69,0
129,103-1,ナッシー:A,14,4,95,105,85,125,75,45,530,0,0,アローラの姿,27,69,0
130,104,カラカラ,13,0,50,50,95,40,50,35,320,0,0,,14,157,38
131,105,ガラガラ,13,0,60,80,110,50,80,45,425,0,0,,14,157,38
132,105-1,ガラガラ:A,10,7,60,80,110,50,80,45,425,0,0,アローラの姿,140,157,14
133,106,サワムラー,3,0,50,120,53,35,110,87,455,0,0,,76,84,39
134,107,エビワラー,3,0,50,105,79,35,110,76,455,0,0,,91,114,95
135,108,ベロリンガ,18,0,90,55,75,60,75,30,385,0,0,,193,129,138
136,109,ドガース,9,0,40,65,95,60,45,35,340,0,0,,172,0,0
137,110,マタドガス,9,0,65,90,120,85,70,60,490,0,0,,172,0,0
138,111,サイホーン,13,17,80,85,95,30,30,25,345,0,0,,157,14,84
139,112,サイドン,13,17,105,130,120,45,45,40,485,0,0,,157,14,84
140,113,ラッキー,18,0,250,5,5,35,105,50,450,0,0,,67,120,16
141,114,モンジャラ,14,0,65,55,115,100,40,60,435,0,0,,222,228,63
142,115,ガルーラ,18,0,105,95,80,40,80,90,490,0,0,,147,47,95
143,115-1,メガガルーラ,18,0,105,125,100,60,100,100,590,0,0,メガシンカ,28,0,0
144,116,タッツー,15,0,30,40,70,70,25,60,295,0,0,,80,85,68
145,117,シードラ,15,0,55,65,95,95,45,85,440,0,0,,127,85,68
146,118,トサキント,15,0,45,67,60,35,50,63,320,0,0,,80,204,157
147,119,アズマオウ,15,0,80,92,65,65,80,68,450,0,0,,80,204,157
148,120,ヒトデマン,15,0,30,45,55,70,55,85,340,0,0,,144,67,6
149,121,スターミー,15,8,60,75,85,100,85,115,520,0,0,,144,67,6
150,122,バリヤード,8,16,40,45,65,100,120,90,460,0,0,,188,163,113
151,123,ストライク,11,12,70,110,80,55,80,105,500,0,0,,207,113,167
152,124,ルージュラ,6,8,65,50,35,115,95,95,455,0,0,,129,224,41
153,125,エレブー,5,0,65,83,57,95,85,105,490,0,0,,96,217,0
154,126,ブーバー,10,0,65,95,57,100,85,93,495,0,0,,187,217,0
155,127,カイロス,11,0,65,125,100,55,70,85,500,0,0,,31,36,75
156,127-1,メガカイロス,11,12,65,155,120,65,90,105,600,0,0,メガシンカ,82,0,0
157,128,ケンタロス,18,0,75,100,95,40,70,110,490,0,0,,12,13,107
158,129,コイキング,15,0,20,10,55,15,20,80,200,0,0,,80,160,0
159,130,ギャラドス,15,12,95,125,79,60,100,81,540,0,0,,12,75,0
160,130-1,メガギャラドス,15,1,95,155,109,70,130,81,640,0,0,メガシンカ,36,0,0
161,131,ラプラス,15,6,130,85,80,85,95,60,535,0,0,,111,66,20
162,132,メタモン,18,0,48,48,48,48,48,48,288,0,0,,76,40,0
163,133,イーブイ,18,0,55,55,50,45,65,55,325,0,0,,132,112,45
164,134,シャワーズ,15,0,130,65,60,110,95,65,525,0,0,,111,20,0
165,135,サンダース,5,0,65,65,60,110,95,130,525,0,0,,109,146,0
166,136,ブースター,10,0,65,130,60,95,110,65,525,0,0,,216,60,0
167,137,ポリゴン,18,0,65,60,70,85,75,40,395,0,0,,125,104,6
168,138,オムナイト,17,15,35,40,100,90,55,35,355,0,0,,80,66,56
169,139,オムスター,17,15,70,60,125,115,70,55,495,0,0,,80,66,56
170,140,カブト,17,15,30,80,90,55,45,55,355,0,0,,80,38,56
171,141,カブトプス,17,15,60,115,105,65,70,80,495,0,0,,80,38,56
172,142,プテラ,17,12,80,105,65,60,75,130,515,0,0,,14,180,51
173,142-1,メガプテラ,17,12,80,135,85,70,95,150,615,0,0,メガシンカ,35,0,0
174,143,カビゴン,18,0,160,110,65,65,110,30,540,0,0,,212,4,54
175,144,フリーザー,6,12,90,85,100,95,125,85,580,0,0,,180,220,0
176,145,サンダー,5,12,90,90,85,125,90,100,580,0,0,,180,96,0
177,146,ファイヤー,10,12,90,100,90,125,85,90,580,0,0,,180,187,0
178,147,ミニリュウ,4,0,41,64,45,50,50,50,300,0,0,,105,168,0
179,148,ハクリュー,4,0,61,84,65,70,70,70,420,0,0,,105,168,0
180,149,カイリュー,4,12,91,134,95,100,100,80,600,0,0,,95,199,0
181,150,ミュウツー,8,0,106,110,90,154,90,130,680,0,0,,180,51,0
182,150-1,メガミュウツーX,8,3,106,190,100,154,100,130,780,0,0,メガシンカ,167,0,0
183,150-2,メガミュウツーY,8,0,106,150,70,194,120,140,780,0,0,メガシンカ,171,0,0
184,151,ミュウ,8,0,100,100,100,100,100,100,600,0,0,,72,0,0
185,152,チコリータ,14,0,45,49,65,49,65,45,318,0,0,,73,228,0
186,153,ベイリーフ,14,0,60,62,80,63,80,60,405,0,0,,73,228,0
187,154,メガニウム,14,0,80,82,100,83,100,80,525,0,0,,73,228,0
188,155,ヒノアラシ,10,0,39,52,43,60,50,65,309,0,0,,213,216,0
189,156,マグマラシ,10,0,58,64,58,80,65,80,405,0,0,,213,216,0
190,157,バクフーン,10,0,78,84,78,109,85,100,534,0,0,,213,216,0
191,158,ワニノコ,15,0,50,65,64,44,48,43,314,0,0,,59,107,0
192,159,アリゲイツ,15,0,65,80,80,59,63,58,405,0,0,,59,107,0
193,160,オーダイル,15,0,85,105,100,79,83,78,530,0,0,,59,107,0
194,161,オタチ,18,0,35,46,34,35,45,20,215,0,0,,132,91,27
195,162,オオタチ,18,0,85,76,64,45,55,90,415,0,0,,132,91,27
196,163,ホーホー,18,12,60,30,30,36,56,50,262,0,0,,171,91,18
197,164,ヨルノズク,18,12,100,50,50,86,96,70,452,0,0,,171,91,18
198,165,レディバ,11,12,40,20,30,40,80,55,265,0,0,,207,147,160
199,166,レディアン,11,12,55,35,50,55,110,85,390,0,0,,207,147,114
200,167,イトマル,11,9,40,60,40,40,40,30,250,0,0,,207,171,85
201,168,アリアドス,11,9,70,90,70,60,70,40,400,0,0,,207,171,85
202,169,クロバット,9,12,85,90,80,70,80,130,535,0,0,,95,90,0
203,170,チョンチー,15,5,75,38,38,56,56,67,330,0,0,,109,144,111
204,171,ランターン,15,5,125,58,58,76,76,67,460,0,0,,109,144,111
205,172,ピチュー,5,0,20,40,15,35,35,60,205,0,0,,96,157,0
206,173,ピィ,16,0,50,25,28,45,55,15,218,0,0,,211,197,176
207,174,ププリン,18,16,90,30,15,40,20,15,210,0,0,,211,37,176
208,175,トゲピー,16,0,35,20,65,40,65,20,245,0,0,,149,120,49
209,176,トゲチック,16,12,55,40,85,80,105,40,405,0,0,,149,120,49
210,177,ネイティ,8,12,40,50,45,70,45,70,320,0,0,,72,147,198
211,178,ネイティオ,8,12,65,75,70,95,70,95,470,0,0,,72,147,198
212,179,メリープ,5,0,55,40,40,65,45,35,280,0,0,,96,178,0
213,180,モココ,5,0,70,55,55,80,60,45,365,0,0,,96,178,0
214,181,デンリュウ,5,4,90,75,85,115,90,55,510,0,0,,96,178,0
215,181-1,メガデンリュウ,5,4,90,95,105,165,110,45,610,0,0,メガシンカ,36,0,0
216,182,キレイハナ,14,0,75,80,95,90,100,50,490,0,0,,222,16,0
217,183,マリル,15,16,70,20,50,20,50,40,250,0,0,,4,108,98
218,184,マリルリ,15,16,100,50,80,60,80,50,420,0,0,,4,108,98
219,185,ウソッキー,17,0,70,100,115,30,65,30,410,0,0,,42,14,160
220,186,ニョロトノ,15,0,90,75,75,90,100,70,500,0,0,,111,68,9
221,187,ハネッコ,14,12,35,35,40,35,55,50,250,0,0,,222,228,90
222,188,ポポッコ,14,12,55,45,50,45,65,80,340,0,0,,222,228,90
223,189,ワタッコ,14,12,75,55,70,55,95,110,460,0,0,,222,228,90
224,190,エイパム,18,0,55,70,55,40,55,85,360,0,0,,132,214,83
225,191,ヒマナッツ,14,0,30,30,30,30,30,30,180,0,0,,222,65,147
226,192,キマワリ,14,0,75,75,55,105,85,30,425,0,0,,222,65,147
227,193,ヤンヤンマ,11,12,65,65,45,75,45,95,390,0,0,,34,166,27
228,194,ウパー,15,13,55,45,45,25,25,15,210,0,0,,68,111,119
229,195,ヌオー,15,13,95,85,85,65,65,35,430,0,0,,68,111,119
230,196,エーフィ,8,0,65,65,60,130,95,110,525,0,0,,72,198,0
231,197,ブラッキー,1,0,95,65,110,60,130,65,525,0,0,,72,95,0
232,198,ヤミカラス,1,12,60,85,42,85,42,91,405,0,0,,171,49,15
233,199,ヤドキング,15,8,95,75,80,100,110,30,490,0,0,,129,193,63
234,200,ムウマ,7,0,60,60,60,85,85,85,435,0,0,,172,0,0
235,201,アンノーン,8,0,48,72,48,72,48,48,336,0,0,,172,0,0
236,202,ソーナンス,8,0,190,33,58,33,58,33,405,0,0,,33,117,0
237,203,キリンリキ,18,8,70,80,65,90,65,85,455,0,0,,95,147,98
238,204,クヌギダマ,11,0,50,65,90,35,35,15,290,0,0,,42,189,0
239,205,フォレトス,11,2,75,90,140,60,60,40,465,0,0,,42,189,0
240,206,ノコッチ,18,0,100,70,70,65,65,45,415,0,0,,120,132,160
241,207,グライガー,13,12,65,75,105,35,65,85,430,0,0,,31,88,212
242,208,ハガネール,2,13,75,85,200,55,65,30,510,0,0,,14,42,107
243,208-1,メガハガネール,2,13,75,125,230,55,95,30,610,0,0,メガシンカ,89,0,0
244,209,ブルー,16,0,60,80,50,40,40,30,300,0,0,,12,132,160
245,210,グランブル,16,0,90,120,75,60,60,45,450,0,0,,12,146,160
246,211,ハリーセン,15,9,65,95,85,55,55,85,440,0,0,,127,80,12
247,212,ハッサム,11,2,70,130,100,55,80,65,500,0,0,,207,113,227
248,212-1,メガハッサム,11,2,70,150,140,65,100,75,600,0,0,メガシンカ,113,0,0
249,213,ツボツボ,11,17,20,10,230,10,230,5,505,0,0,,42,54,7
250,214,ヘラクロス,11,3,80,125,75,40,95,85,500,0,0,,207,60,75
251,214-1,メガヘラクロス,11,3,80,185,115,40,105,75,600,0,0,メガシンカ,83,0,0
252,215,ニューラ,1,6,55,95,55,35,75,115,430,0,0,,95,91,232
253,216,ヒメグマ,18,0,60,80,50,50,50,40,330,0,0,,214,146,205
254,217,リングマ,18,0,90,130,75,75,75,55,500,0,0,,60,146,51
255,218,マグマッグ,10,0,40,40,40,70,40,20,250,0,0,,194,187,56
256,219,マグカルゴ,10,17,60,50,120,90,80,30,430,0,0,,194,187,56
257,220,ウリムー,6,13,50,50,40,30,30,50,250,0,0,,129,220,4
258,221,イノムー,6,13,100,100,80,60,60,50,450,0,0,,129,220,4
259,222,サニーゴ,15,17,65,55,95,65,95,35,410,0,0,,149,67,63
260,223,テッポウオ,15,0,35,65,35,65,35,65,300,0,0,,149,85,208
261,224,オクタン,15,0,75,105,75,105,75,45,480,0,0,,48,85,208
262,225,デリバード,6,12,45,55,45,65,45,75,330,0,0,,217,149,171
263,226,マンタイン,15,12,85,40,70,80,140,70,485,0,0,,80,111,204
264,227,エアームド,2,12,65,80,140,40,70,70,465,0,0,,91,42,56
265,228,デルビル,1,10,45,60,30,80,50,65,330,0,0,,147,216,51
266,229,ヘルガー,1,10,75,90,50,110,80,95,500,0,0,,147,216,51
267,229-1,メガヘルガー,1,10,75,90,90,140,90,115,600,0,0,メガシンカ,65,0,0
268,230,キングドラ,15,4,75,95,95,95,95,85,540,0,0,,80,85,68
269,231,ゴマゾウ,13,0,90,60,60,40,40,40,330,0,0,,214,88,0
270,232,ドンファン,13,0,90,120,120,60,60,50,500,0,0,,42,88,0
271,233,ポリゴン２,18,0,85,80,90,105,95,60,515,0,0,,125,104,6
272,234,オドシシ,18,0,73,95,62,85,65,85,465,0,0,,12,27,98
273,235,ドーブル,18,0,55,20,35,20,45,75,250,0,0,,193,113,208
274,236,バルキー,3,0,35,35,35,35,35,35,210,0,0,,60,167,217
275,237,カポエラー,3,0,50,95,95,35,110,70,455,0,0,,12,113,167
276,238,ムチュール,6,8,45,30,15,85,65,65,305,0,0,,129,224,20
277,239,エレキッド,5,0,45,63,37,65,55,95,360,0,0,,96,217,0
278,240,ブビィ,10,0,45,75,37,70,55,83,365,0,0,,187,217,0
279,241,ミルタンク,18,0,95,80,105,40,70,100,490,0,0,,4,47,98
280,242,ハピナス,18,0,255,10,10,75,135,55,540,0,0,,67,120,16
281,243,ライコウ,5,0,90,85,75,115,100,115,580,0,0,,180,95,0
282,244,エンテイ,10,0,115,115,85,90,75,100,580,0,0,,180,95,0
283,245,スイクン,15,0,100,75,115,90,115,85,580,0,0,,180,95,0
284,246,ヨーギラス,17,13,50,64,50,45,50,41,300,0,0,,60,88,0
285,247,サナギラス,17,13,70,84,70,65,70,51,410,0,0,,105,105,0
286,248,バンギラス,17,1,100,134,110,95,100,61,600,0,0,,86,51,0
287,248-1,メガバンギラス,17,1,100,164,150,95,120,71,700,0,0,メガシンカ,86,0,0
288,249,ルギア,8,12,106,90,130,90,154,110,680,0,0,,180,199,0
289,250,ホウオウ,10,12,106,130,90,110,154,90,680,0,0,,180,63,0
290,251,セレビィ,8,11,100,100,100,100,100,100,600,0,0,,67,0,0
291,252,キモリ,14,0,40,45,35,65,55,70,310,0,0,,73,39,0
292,253,ジュプトル,14,0,50,65,45,85,65,95,405,0,0,,73,39,0
293,254,ジュカイン,14,0,70,85,65,105,85,120,530,0,0,,73,39,0
294,254-1,メガジュカイン,14,4,70,110,75,145,85,145,630,0,0,メガシンカ,157,0,0
295,255,アチャモ,10,0,45,60,40,70,50,45,310,0,0,,213,34,0
296,256,ワカシャモ,10,3,60,85,60,85,60,55,405,0,0,,213,34,0
297,257,バシャーモ,10,3,80,120,70,110,70,80,530,0,0,,213,34,0
298,257-1,メガバシャーモ,10,3,80,160,80,130,80,100,630,0,0,メガシンカ,34,0,0
299,258,ミズゴロウ,15,0,50,70,50,50,50,40,310,0,0,,59,68,0
300,259,ヌマクロー,15,13,70,85,70,60,70,50,405,0,0,,59,68,0
301,260,ラグラージ,15,13,100,110,90,85,90,60,535,0,0,,59,68,0
302,260-1,メガラグラージ,15,13,100,150,110,95,110,70,635,0,0,メガシンカ,80,0,0
303,261,ポチエナ,1,0,35,55,35,30,30,35,220,0,0,,132,146,160
304,262,グラエナ,1,0,70,90,70,60,60,70,420,0,0,,12,146,75
305,263,ジグザグマ,18,0,38,30,41,30,41,60,240,0,0,,214,54,146
306,264,マッスグマ,18,0,78,70,61,50,61,100,420,0,0,,214,54,146
307,265,ケムッソ,11,0,45,45,35,20,30,20,195,0,0,,230,132,0
308,266,カラサリス,11,0,50,35,55,25,25,15,205,0,0,,105,105,0
309,267,アゲハント,11,12,60,70,50,100,50,65,395,0,0,,207,123,0
310,268,マユルド,11,0,50,35,55,25,25,15,205,0,0,,105,105,0
311,269,ドクケイル,11,9,60,50,70,50,90,65,385,0,0,,230,166,0
312,270,ハスボー,15,11,40,30,30,40,50,30,220,0,0,,80,8,193
313,271,ハスブレロ,15,11,60,50,50,60,70,50,340,0,0,,80,8,193
314,272,ルンパッパ,15,11,80,70,70,90,100,70,480,0,0,,80,8,193
315,273,タネボー,14,0,40,40,50,30,30,30,220,0,0,,222,147,232
316,274,コノハナ,14,1,70,70,40,60,40,60,340,0,0,,222,147,232
317,275,ダーテング,14,1,90,100,60,90,60,80,480,0,0,,222,147,232
318,276,スバメ,18,12,40,55,30,30,30,85,270,0,0,,60,47,0
319,277,オオスバメ,18,12,60,85,60,75,50,125,455,0,0,,60,47,0
320,278,キャモメ,15,12,40,30,30,55,30,85,270,0,0,,91,20,8
321,279,ペリッパー,15,12,60,50,100,95,70,65,440,0,0,,91,9,8
322,280,ラルトス,8,16,28,25,25,45,35,40,198,0,0,,72,125,117
323,281,キルリア,8,16,38,35,35,65,55,50,278,0,0,,72,125,117
324,282,サーナイト,8,16,68,65,65,125,115,80,518,0,0,,72,125,117
325,282-1,メガサーナイト,8,16,68,85,65,165,135,100,618,0,0,メガシンカ,165,0,0
326,283,アメタマ,11,15,40,30,32,50,52,65,269,0,0,,80,8,0
327,284,アメモース,11,12,70,60,62,100,82,80,454,0,0,,12,51,0
328,285,キノココ,14,0,60,40,60,40,60,35,295,0,0,,185,191,146
329,286,キノガッサ,14,3,60,130,80,60,60,70,460,0,0,,185,191,113
330,287,ナマケロ,18,0,60,60,60,35,35,30,280,0,0,,131,0,0
331,288,ヤルキモノ,18,0,80,80,80,55,55,90,440,0,0,,217,0,0
332,289,ケッキング,18,0,150,160,100,95,65,100,670,0,0,,131,0,0
333,290,ツチニン,11,13,31,45,90,30,30,40,266,0,0,,166,132,0
334,291,テッカニン,11,12,61,90,45,50,50,160,456,0,0,,34,90,0
335,292,ヌケニン,11,7,1,90,45,30,30,40,236,0,0,,169,169,0
336,293,ゴニョニョ,18,0,64,51,23,51,23,28,240,0,0,,188,160,0
337,294,ドゴーム,18,0,84,71,43,71,43,48,360,0,0,,188,47,0
338,295,バクオング,18,0,104,91,63,91,73,68,490,0,0,,188,47,0
339,296,マクノシタ,3,0,72,60,30,20,30,25,237,0,0,,4,60,107
340,297,ハリテヤマ,3,0,144,120,60,40,60,50,474,0,0,,4,60,107
341,298,ルリリ,18,16,50,20,40,20,40,20,190,0,0,,4,108,98
342,299,ノズパス,17,0,30,45,135,45,90,30,375,0,0,,42,78,89
343,300,エネコ,18,0,50,45,45,35,35,50,260,0,0,,211,139,206
344,301,エネコロロ,18,0,70,65,65,55,55,90,400,0,0,,211,139,206
345,302,ヤミラミ,1,7,50,75,75,65,65,50,380,0,0,,91,5,15
346,302-1,メガヤミラミ,1,7,50,85,125,85,115,20,480,0,0,メガシンカ,198,0,0
347,303,クチート,2,16,50,85,85,55,55,50,380,0,0,,31,12,107
348,303-1,メガクチート,2,16,50,105,125,55,95,50,480,0,0,メガシンカ,108,0,0
349,304,ココドラ,2,17,50,70,100,40,40,30,330,0,0,,42,14,184
350,305,コドラ,2,17,60,90,140,50,50,40,430,0,0,,42,14,184
351,306,ボスゴドラ,2,17,70,110,180,60,60,50,530,0,0,,42,14,184
352,306-1,メガボスゴドラ,2,0,70,140,230,60,80,50,630,0,0,メガシンカ,163,0,0
353,307,アサナン,3,8,30,40,55,40,55,60,280,0,0,,223,117,0
354,308,チャーレム,3,8,60,60,75,60,75,80,410,0,0,,223,117,0
355,308-1,メガチャーレム,3,8,60,100,85,80,85,100,510,0,0,メガシンカ,223,0,0
356,309,ラクライ,5,0,40,45,40,65,40,65,295,0,0,,96,157,192
357,310,ライボルト,5,0,70,75,60,105,60,105,475,0,0,,96,157,192
358,310-1,メガライボルト,5,0,70,75,80,135,80,135,575,0,0,メガシンカ,12,0,0
359,311,プラスル,5,0,60,50,40,85,75,95,405,0,0,,178,157,0
360,312,マイナン,5,0,60,40,50,75,85,95,405,0,0,,192,109,0
361,313,バルビート,11,0,65,73,75,47,85,85,430,0,0,,144,207,15
362,314,イルミーゼ,11,0,65,47,75,73,85,85,430,0,0,,129,18,15
363,315,ロゼリア,14,9,50,60,45,100,80,65,400,0,0,,67,127,228
364,316,ゴクリン,9,0,70,43,53,43,53,40,302,0,0,,181,136,54
365,317,マルノーム,9,0,100,73,83,73,83,55,467,0,0,,181,136,54
366,318,キバニア,15,1,45,90,20,65,20,65,305,0,0,,64,34,0
367,319,サメハダー,15,1,70,120,40,95,40,95,460,0,0,,64,34,0
368,319-1,メガサメハダー,15,1,70,140,70,110,65,105,560,0,0,メガシンカ,43,0,0
369,320,ホエルコ,15,0,130,70,35,70,35,60,400,0,0,,204,129,180
370,321,ホエルオー,15,0,170,90,45,90,45,60,500,0,0,,204,129,180
371,322,ドンメル,10,13,60,60,40,65,45,35,305,0,0,,129,102,193
372,323,バクーダ,10,13,70,100,70,105,75,40,460,0,0,,194,141,13
373,323-1,メガバクーダ,10,13,70,120,100,145,105,20,560,0,0,メガシンカ,107,0,0
374,324,コータス,10,0,70,85,140,85,70,20,470,0,0,,71,155,66
375,325,バネブー,8,0,60,25,35,70,80,60,330,0,0,,4,193,54
376,326,ブーピッグ,8,0,80,45,65,90,110,80,470,0,0,,4,193,54
377,327,パッチール,18,0,60,60,60,60,60,60,360,0,0,,193,110,7
378,328,ナックラー,13,0,45,100,45,45,45,10,290,0,0,,31,10,107
379,329,ビブラーバ,13,4,50,70,50,50,50,70,340,0,0,,172,172,0
380,330,フライゴン,13,4,80,100,80,80,80,100,520,0,0,,172,172,0
381,331,サボネア,14,0,50,85,40,85,40,35,335,0,0,,88,111,0
382,332,ノクタス,14,1,70,115,60,115,60,55,475,0,0,,88,111,0
383,333,チルット,18,12,45,40,60,40,75,50,310,0,0,,67,138,0
384,334,チルタリス,4,12,75,70,90,70,105,80,490,0,0,,67,138,0
385,334-1,メガチルタリス,4,16,75,110,110,110,105,80,590,0,0,メガシンカ,165,0,0
386,335,ザングース,18,0,73,115,60,60,60,90,458,0,0,,212,128,0
387,336,ハブネーク,9,0,73,100,60,100,60,65,458,0,0,,105,90,0
388,337,ルナトーン,17,8,90,55,65,95,85,70,460,0,0,,172,0,0
389,338,ソルロック,17,8,90,95,85,55,65,70,460,0,0,,172,0,0
390,339,ドジョッチ,15,13,50,48,43,46,41,60,288,0,0,,129,45,20
391,340,ナマズン,15,13,110,78,73,76,71,60,468,0,0,,129,45,20
392,341,ヘイガニ,15,0,43,80,65,50,35,35,308,0,0,,31,66,112
393,342,シザリガー,15,1,63,120,85,90,55,55,468,0,0,,31,66,112
394,343,ヤジロン,13,8,40,40,55,40,70,55,300,0,0,,172,0,0
395,344,ネンドール,13,8,60,70,105,70,120,75,500,0,0,,172,0,0
396,345,リリーラ,17,14,66,41,77,61,87,23,355,0,0,,48,225,0
397,346,ユレイドル,17,14,86,81,97,81,107,43,495,0,0,,48,225,0
398,347,アノプス,17,11,45,95,50,40,50,75,355,0,0,,38,80,0
399,348,アーマルド,17,11,75,125,100,70,80,45,495,0,0,,38,80,0
400,349,ヒンバス,15,0,20,15,20,10,55,80,200,0,0,,80,129,112
401,350,ミロカロス,15,0,95,60,79,100,125,81,540,0,0,,168,37,211
402,351,ポワルン,18,0,70,70,70,70,70,70,420,0,0,,118,0,0
403,352,カクレオン,18,0,60,90,70,60,120,40,440,0,0,,183,182,0
404,353,カゲボウズ,7,0,44,75,35,63,33,45,295,0,0,,171,27,140
405,354,ジュペッタ,7,0,64,115,65,83,63,65,455,0,0,,171,27,140
406,354-1,メガジュペッタ,7,0,64,165,75,93,83,75,555,0,0,メガシンカ,15,0,0
407,355,ヨマワル,7,0,20,40,90,30,90,25,295,0,0,,172,27,0
408,356,サマヨール,7,0,40,70,130,60,130,25,455,0,0,,180,27,0
409,357,トロピウス,14,12,99,68,83,72,87,51,460,0,0,,222,65,69
410,358,チリーン,8,0,75,50,80,95,90,65,455,0,0,,172,0,0
411,359,アブソル,1,0,65,130,60,75,60,75,465,0,0,,180,49,94
412,359-1,メガアブソル,1,0,65,150,60,115,60,115,565,0,0,メガシンカ,198,0,0
413,360,ソーナノ,8,0,95,23,48,23,48,23,260,0,0,,33,117,0
414,361,ユキワラシ,6,0,50,50,50,50,50,50,300,0,0,,95,2,208
415,362,オニゴーリ,6,0,80,80,80,80,80,80,480,0,0,,95,2,208
416,362-1,メガオニゴーリ,6,0,80,120,80,120,80,100,580,0,0,メガシンカ,175,0,0
417,363,タマザラシ,6,15,70,40,50,55,50,25,290,0,0,,4,2,129
418,364,トドグラー,6,15,90,60,70,75,70,45,410,0,0,,4,2,129
419,365,トドゼルガ,6,15,110,80,90,95,90,65,530,0,0,,4,2,129
420,366,パールル,15,0,35,64,85,74,55,32,345,0,0,,66,160,0
421,367,ハンテール,15,0,55,104,105,94,75,52,485,0,0,,80,204,0
422,368,サクラビス,15,0,55,84,105,114,75,52,485,0,0,,80,20,0
423,369,ジーランス,15,17,100,90,130,45,65,55,485,0,0,,80,14,42
424,370,ラブカス,15,0,43,30,55,40,65,97,330,0,0,,80,20,0
425,371,タツベイ,4,0,45,75,60,40,30,50,300,0,0,,14,107,0
426,372,コモルー,4,0,65,95,100,60,50,50,420,0,0,,14,189,0
427,373,ボーマンダ,4,12,95,135,80,110,80,100,600,0,0,,12,75,0
428,373-1,メガボーマンダ,4,12,95,145,130,120,90,120,700,0,0,メガシンカ,82,0,0
429,374,ダンバル,2,8,40,55,80,35,60,30,300,0,0,,57,227,0
430,375,メタング,2,8,60,75,100,55,80,50,420,0,0,,57,227,0
431,376,メタグロス,2,8,80,135,130,95,90,70,600,0,0,,57,227,0
432,376-1,メガメタグロス,2,8,80,145,150,105,110,110,700,0,0,メガシンカ,35,0,0
433,377,レジロック,17,0,80,100,200,50,100,50,580,0,0,,57,42,0
434,378,レジアイス,6,0,80,50,100,100,200,50,580,0,0,,57,2,0
435,379,レジスチル,2,0,80,75,150,75,150,50,580,0,0,,57,227,0
436,380,ラティアス,4,8,80,80,90,110,130,110,600,0,0,,172,0,0
437,380-1,メガラティアス,4,8,80,100,120,140,150,110,700,0,0,メガシンカ,172,0,0
438,381,ラティオス,4,8,80,90,80,130,110,110,600,0,0,,172,0,0
439,381-1,メガラティオス,4,8,80,130,100,160,120,110,700,0,0,メガシンカ,172,0,0
440,382,カイオーガ,15,0,100,100,90,150,140,90,670,0,0,,9,0,0
441,382-1,ゲンシカイオーガ,15,0,100,150,90,180,160,90,770,0,0,ゲンシカイキ,143,0,0
442,383,グラードン,13,0,100,150,140,100,90,90,670,0,0,,155,0,0
443,383-1,ゲンシグラードン,13,10,100,180,160,150,90,90,770,0,0,ゲンシカイキ,29,0,0
444,384,レックウザ,4,12,105,150,90,150,90,95,680,0,0,,21,0,0
445,384-1,メガレックウザ,4,12,105,180,100,180,100,115,780,0,0,メガシンカ,121,0,0
446,385,ジラーチ,2,8,100,100,100,100,100,100,600,0,0,,120,0,0
447,386,デオキシスN,8,0,50,150,50,150,50,150,600,0,0,ノーマルフォルム,180,0,0
448,386-1,デオキシスA,8,0,50,180,20,180,20,150,600,0,0,アタックフォルム,180,0,0
449,386-2,デオキシスD,8,0,50,70,160,70,160,90,600,0,0,ディフェンスフォルム,180,0,0
450,386-3,デオキシスS,8,0,50,95,90,95,90,180,600,0,0,スピードフォルム,180,0,0
451,387,ナエトル,14,0,55,68,64,45,55,31,318,0,0,,73,66,0
452,388,ハヤシガメ,14,0,75,89,85,55,65,36,405,0,0,,73,66,0
453,389,ドダイトス,14,13,95,109,105,75,85,56,525,0,0,,73,66,0
454,390,ヒコザル,10,0,44,58,44,58,44,61,309,0,0,,213,114,0
455,391,モウカザル,10,3,64,78,52,78,52,81,405,0,0,,213,114,0
456,392,ゴウカザル,10,3,76,104,71,104,71,108,534,0,0,,213,114,0
457,393,ポッチャマ,15,0,53,51,53,61,56,40,314,0,0,,59,195,0
458,394,ポッタイシ,15,0,64,66,68,81,76,50,405,0,0,,59,195,0
459,395,エンペルト,15,2,84,86,88,111,101,60,530,0,0,,59,195,0
460,396,ムックル,18,12,40,55,30,30,30,60,245,0,0,,91,84,0
461,397,ムクバード,18,12,55,75,50,40,40,80,340,0,0,,12,84,0
462,398,ムクホーク,18,12,85,120,70,50,60,100,485,0,0,,12,84,0
463,399,ビッパ,18,0,59,45,40,35,40,31,250,0,0,,102,119,208
464,400,ビーダル,18,15,79,85,60,55,60,71,410,0,0,,102,119,208
465,401,コロボーシ,11,0,37,25,41,25,41,25,194,0,0,,105,132,0
466,402,コロトック,11,0,77,85,51,55,51,65,384,0,0,,207,113,0
467,403,コリンク,5,0,45,65,34,40,34,45,263,0,0,,123,12,60
468,404,ルクシオ,5,0,60,85,49,60,49,60,363,0,0,,123,12,60
469,405,レントラー,5,0,80,120,79,95,79,70,523,0,0,,123,12,60
470,406,スボミー,14,9,40,30,35,50,70,55,280,0,0,,67,127,228
471,407,ロズレイド,14,9,60,70,65,125,105,90,515,0,0,,67,127,113
472,408,ズガイドス,17,0,67,125,40,30,30,58,350,0,0,,36,107,0
473,409,ラムパルド,17,0,97,165,60,65,50,58,495,0,0,,36,107,0
474,410,タテトプス,17,2,30,42,118,42,88,30,350,0,0,,42,188,0
475,411,トリデプス,17,2,60,52,168,47,138,30,495,0,0,,42,188,0
476,412,ミノムッチ,11,0,40,29,45,29,45,36,224,0,0,,105,189,0
477,413,ミノマダム草,11,14,60,59,85,79,105,36,424,0,0,くさきのミノ,45,189,0
478,413-1,ミノマダム地,11,13,60,79,105,59,85,36,424,0,0,すなちのミノ,45,189,0
479,413-2,ミノマダム鋼,11,2,60,69,95,69,95,36,424,0,0,ゴミのミノ,45,189,0
480,414,ガーメイル,11,12,70,94,50,94,50,66,424,0,0,,207,18,0
481,415,ミツハニー,11,12,30,30,42,30,42,70,244,0,0,,205,149,0
482,416,ビークイン,11,12,70,80,102,80,102,40,474,0,0,,180,51,0
483,417,パチリス,5,0,60,45,70,45,90,95,405,0,0,,132,214,109
484,418,ブイゼル,15,0,55,65,35,60,30,85,330,0,0,,80,204,0
485,419,フローゼル,15,0,85,105,55,85,50,115,495,0,0,,80,204,0
486,420,チェリンボ,14,0,45,35,45,62,53,35,275,0,0,,222,0,0
487,421,チェリム,14,0,70,60,70,87,78,85,450,0,0,,173,0,0
488,422,カラナクシ,15,0,76,48,48,57,62,34,325,0,0,,136,225,89
489,423,トリトドン,15,13,111,83,68,92,82,39,475,0,0,,136,225,89
490,424,エテボース,18,0,75,100,66,60,66,115,482,0,0,,113,214,83
491,425,フワンテ,7,12,90,50,34,60,44,70,348,0,0,,218,39,135
492,426,フワライド,7,12,150,80,44,90,54,80,498,0,0,,218,39,135
493,427,ミミロル,18,0,55,66,44,44,56,85,350,0,0,,132,177,76
494,428,ミミロップ,18,0,65,76,84,54,96,105,480,0,0,,211,177,76
495,428-1,メガミミロップ,18,3,65,136,94,54,96,135,580,0,0,メガシンカ,47,0,0
496,429,ムウマージ,7,0,60,60,60,105,105,105,495,0,0,,172,0,0
497,430,ドンカラス,1,12,100,125,52,105,52,71,505,0,0,,171,49,75
498,431,ニャルマー,18,0,49,55,42,42,37,85,310,0,0,,76,193,91
499,432,ブニャット,18,0,71,82,64,64,59,112,452,0,0,,4,193,195
500,433,リーシャン,8,0,45,30,50,65,50,45,285,0,0,,172,0,0
501,434,スカンプー,9,1,63,63,47,41,41,74,329,0,0,,3,218,91
502,435,スカタンク,9,1,103,93,67,71,61,84,479,0,0,,3,218,91
503,436,ドーミラー,2,8,57,24,86,24,86,23,300,0,0,,172,101,184
504,437,ドータクン,2,8,67,89,116,79,116,33,500,0,0,,172,101,184
505,438,ウソハチ,17,0,50,80,95,10,45,10,290,0,0,,42,14,160
506,439,マネネ,8,16,20,25,45,70,90,60,310,0,0,,188,163,113
507,440,ピンプク,18,0,100,5,5,15,65,30,220,0,0,,67,120,176
508,441,ペラップ,18,12,76,65,45,92,42,91,411,0,0,,91,110,145
509,442,ミカルゲ,7,1,50,92,108,92,108,35,485,0,0,,180,90,0
510,443,フカマル,4,13,58,70,45,40,45,42,300,0,0,,88,64,0
511,444,ガバイト,4,13,68,90,65,50,55,82,410,0,0,,88,64,0
512,445,ガブリアス,4,13,108,130,95,80,85,102,600,0,0,,88,64,0
513,445-1,メガガブリアス,4,13,108,170,115,120,95,92,700,0,0,メガシンカ,89,0,0
514,446,ゴンベ,18,0,135,85,40,40,85,5,390,0,0,,214,4,54
515,447,リオル,3,0,40,70,40,35,40,60,285,0,0,,167,95,15
516,448,ルカリオ,3,2,70,110,70,115,70,90,525,0,0,,167,95,94
517,448-1,メガルカリオ,3,2,70,145,88,140,70,112,625,0,0,メガシンカ,112,0,0
518,449,ヒポポタス,13,0,68,72,78,38,42,32,330,0,0,,86,89,0
519,450,カバルドン,13,0,108,112,118,68,72,47,525,0,0,,86,89,0
520,451,スコルピ,9,11,40,50,90,30,55,65,330,0,0,,38,85,91
521,452,ドラピオン,9,1,70,90,110,60,75,95,500,0,0,,38,85,91
522,453,グレッグル,9,3,48,61,40,61,40,50,300,0,0,,45,41,126
523,454,ドクロッグ,9,3,83,106,65,86,65,85,490,0,0,,45,41,126
524,455,マスキッパ,14,0,74,100,72,90,72,46,454,0,0,,172,0,0
525,456,ケイコウオ,15,0,49,49,56,49,61,66,330,0,0,,80,225,204
526,457,ネオラント,15,0,69,69,76,69,86,91,460,0,0,,80,225,204
527,458,タマンタ,15,12,45,20,50,60,120,50,345,0,0,,80,111,204
528,459,ユキカブリ,14,6,60,62,50,62,60,40,334,0,0,,221,188,0
529,460,ユキノオー,14,6,90,92,75,92,85,60,494,0,0,,221,188,0
530,460-1,メガユキノオー,14,6,90,132,105,132,105,30,594,0,0,メガシンカ,221,0,0
531,461,マニューラ,1,6,70,120,65,45,85,125,510,0,0,,180,232,0
532,462,ジバコイル,5,2,70,70,115,130,90,60,535,0,0,,78,42,6
533,463,ベロベルト,18,0,110,85,95,80,95,50,515,0,0,,193,129,138
534,464,ドサイドン,13,17,115,140,130,55,55,40,535,0,0,,157,141,84
535,465,モジャンボ,14,0,100,100,125,110,50,50,535,0,0,,222,228,63
536,466,エレキブル,5,0,75,123,67,95,85,95,540,0,0,,122,217,0
537,467,ブーバーン,10,0,75,95,67,125,95,83,540,0,0,,187,217,0
538,468,トゲキッス,16,12,85,50,95,120,115,80,545,0,0,,149,120,49
539,469,メガヤンマ,11,12,86,76,86,116,56,95,515,0,0,,34,18,27
540,470,リーフィア,14,0,65,110,130,60,65,95,525,0,0,,228,222,0
541,471,グレイシア,6,0,65,60,110,130,95,65,525,0,0,,220,2,0
542,472,グライオン,13,12,75,95,125,45,75,95,510,0,0,,31,88,191
543,473,マンムー,6,13,110,130,80,70,60,80,530,0,0,,129,220,4
544,474,ポリゴンＺ,18,0,85,80,70,135,75,90,535,0,0,,112,104,6
545,475,エルレイド,8,3,68,125,65,65,115,80,518,0,0,,167,94,0
546,475-1,メガエルレイド,8,3,68,165,95,65,115,110,618,0,0,メガシンカ,95,0,0
547,476,ダイノーズ,17,2,60,55,145,75,150,40,525,0,0,,42,78,89
548,477,ヨノワール,7,0,45,100,135,65,135,45,525,0,0,,180,27,0
549,478,ユキメノコ,6,7,70,80,70,80,70,110,480,0,0,,220,140,0
550,479,ロトム,5,7,50,50,77,95,77,91,440,0,0,基本,172,0,0
551,479-1,ロトム炎,5,10,50,65,107,105,107,86,520,0,0,ヒート,172,0,0
552,479-2,ロトム水,5,15,50,65,107,105,107,86,520,0,0,ウォッシュ,172,0,0
553,479-3,ロトム氷,5,6,50,65,107,105,107,86,520,0,0,フロスト,172,0,0
554,479-4,ロトム飛,5,12,50,65,107,105,107,86,520,0,0,スピン,172,0,0
555,479-5,ロトム草,5,14,50,65,107,105,107,86,520,0,0,カット,172,0,0
556,480,ユクシー,8,0,75,75,130,75,130,95,580,0,0,,172,0,0
557,481,エムリット,8,0,80,105,105,105,105,80,580,0,0,,172,0,0
558,482,アグノム,8,0,75,125,70,125,70,115,580,0,0,,172,0,0
559,483,ディアルガ,2,4,100,120,120,150,100,90,680,0,0,,180,117,0
560,484,パルキア,15,4,90,120,100,150,120,100,680,0,0,,180,117,0
561,485,ヒードラン,10,2,91,90,106,130,106,77,600,0,0,,216,187,0
562,486,レジギガス,18,0,110,160,110,80,110,100,670,0,0,,92,0,0
563,487,ギラティナA,7,4,150,100,120,100,120,90,680,0,0,アナザーフォルム,180,117,0
564,487-1,ギラティナO,7,4,150,120,100,120,100,90,680,0,0,オリジンフォルム,172,0,0
565,488,クレセリア,8,0,120,70,120,75,130,85,600,0,0,,172,0,0
566,489,フィオネ,15,0,80,80,80,80,80,80,480,0,0,,20,0,0
567,490,マナフィ,15,0,100,100,100,100,100,100,600,0,0,,20,0,0
568,491,ダークライ,1,0,70,90,90,135,90,125,600,0,0,,130,0,0
569,492,シェイミL,14,0,100,100,100,100,100,100,600,0,0,ランドフォルム,67,0,0
570,492-1,シェイミS,14,12,100,103,75,120,75,127,600,0,0,スカイフォルム,120,0,0
571,493,アルセウス,18,0,120,120,120,120,120,120,720,0,0,,200,0,0
572,494,ビクティニ,8,10,100,100,100,100,100,100,600,0,0,,70,0,0
573,495,ツタージャ,14,0,45,45,55,45,55,63,308,0,0,,73,7,0
574,496,ジャノビー,14,0,60,60,75,60,75,83,413,0,0,,73,7,0
575,497,ジャローダ,14,0,75,75,95,75,95,113,528,0,0,,73,7,0
576,498,ポカブ,10,0,65,63,45,45,45,45,308,0,0,,213,4,0
577,499,チャオブー,10,3,90,93,55,70,55,55,418,0,0,,213,4,0
578,500,エンブオー,10,3,110,123,65,100,65,65,528,0,0,,213,84,0
579,501,ミジュマル,15,0,55,55,45,63,45,45,308,0,0,,59,66,0
580,502,フタチマル,15,0,75,75,60,83,60,60,413,0,0,,59,66,0
581,503,ダイケンキ,15,0,95,100,85,108,70,70,528,0,0,,59,66,0
582,504,ミネズミ,18,0,45,55,39,35,39,42,255,0,0,,132,91,6
583,505,ミルホッグ,18,0,60,85,69,60,69,77,420,0,0,,144,91,6
584,506,ヨーテリー,18,0,45,60,45,25,45,55,275,0,0,,217,214,132
585,507,ハーデリア,18,0,65,80,65,35,65,60,370,0,0,,12,87,47
586,508,ムーランド,18,0,85,110,90,45,90,80,500,0,0,,12,87,47
587,509,チョロネコ,1,0,41,50,37,50,37,66,281,0,0,,76,39,15
588,510,レパルダス,1,0,64,88,50,88,50,106,446,0,0,,76,39,15
589,511,ヤナップ,14,0,50,53,48,53,48,64,316,0,0,,54,73,0
590,512,ヤナッキー,14,0,75,98,63,98,63,101,498,0,0,,54,73,0
591,513,バオップ,10,0,50,53,48,53,48,64,316,0,0,,54,213,0
592,514,バオッキー,10,0,75,98,63,98,63,101,498,0,0,,54,213,0
593,515,ヒヤップ,15,0,50,53,48,53,48,64,316,0,0,,54,59,0
594,516,ヒヤッキー,15,0,75,98,63,98,63,101,498,0,0,,54,59,0
595,517,ムンナ,8,0,76,25,45,67,55,24,292,0,0,,224,72,117
596,518,ムシャーナ,8,0,116,55,85,107,95,29,487,0,0,,224,72,117
597,519,マメパト,18,12,50,55,50,36,30,43,264,0,0,,145,49,123
598,520,ハトーボー,18,12,62,77,62,50,42,65,358,0,0,,145,49,123
599,521,ケンホロウ,18,12,80,115,80,65,55,93,488,0,0,,145,49,123
600,522,シママ,5,0,45,60,32,50,32,76,295,0,0,,157,122,98
601,523,ゼブライカ,5,0,75,100,63,80,63,116,497,0,0,,157,122,98
602,524,ダンゴロ,17,0,55,75,85,25,25,15,280,0,0,,42,56,89
603,525,ガントル,17,0,70,105,105,50,40,20,390,0,0,,42,56,89
604,526,ギガイアス,17,0,85,135,130,60,80,25,515,0,0,,42,86,89
605,527,コロモリ,8,12,65,45,43,55,43,72,323,0,0,,119,177,102
606,528,ココロモリ,8,12,67,57,55,77,55,114,425,0,0,,119,177,102
607,529,モグリュー,13,0,60,85,40,30,45,68,328,0,0,,87,89,36
608,530,ドリュウズ,13,2,110,135,60,50,65,88,508,0,0,,87,89,36
609,531,タブンネ,18,0,103,60,86,60,86,50,445,0,0,,16,63,177
610,531-1,メガタブンネ,18,16,103,60,126,80,126,50,545,0,0,メガシンカ,16,0,0
611,532,ドッコラー,3,0,75,80,55,25,35,35,305,0,0,,60,107,114
612,533,ドテッコツ,3,0,85,105,85,40,50,40,405,0,0,,60,107,114
613,534,ローブシン,3,0,105,140,95,55,65,45,505,0,0,,60,107,114
614,535,オタマロ,15,0,50,50,40,50,40,64,294,0,0,,80,20,111
615,536,ガマガル,15,13,75,65,55,65,55,69,384,0,0,,80,20,111
616,537,ガマゲロゲ,15,13,105,95,75,85,75,74,509,0,0,,80,126,111
617,538,ナゲキ,3,0,120,100,85,30,85,45,465,0,0,,60,95,36
618,539,ダゲキ,3,0,75,125,75,30,75,85,465,0,0,,42,95,36
619,540,クルミル,11,14,45,53,70,40,60,42,310,0,0,,207,222,189
620,541,クルマユ,11,14,55,63,90,50,80,42,380,0,0,,228,222,189
621,542,ハハコモリ,11,14,75,103,80,70,80,92,500,0,0,,207,222,189
622,543,フシデ,11,9,30,45,59,30,39,57,260,0,0,,127,207,34
623,544,ホイーガ,11,9,40,55,99,40,79,47,360,0,0,,127,207,34
624,545,ペンドラー,11,9,60,100,89,55,69,112,485,0,0,,127,207,34
625,546,モンメン,14,16,40,27,60,37,50,66,280,0,0,,15,90,222
626,547,エルフーン,14,16,60,67,85,77,75,116,480,0,0,,15,90,222
627,548,チュリネ,14,0,45,35,50,70,50,30,280,0,0,,222,193,228
628,549,ドレディア,14,0,70,60,75,110,75,90,480,0,0,,222,193,228
629,550,バスラオ赤,15,0,70,92,65,80,55,98,460,0,0,赤色,84,112,36
630,550-1,バスラオ青,15,0,70,92,65,80,55,98,460,0,0,青色,14,112,36
631,551,メグロコ,13,1,50,72,35,35,35,65,292,0,0,,12,75,13
632,552,ワルビル,13,1,60,82,45,45,45,74,351,0,0,,12,75,13
633,553,ワルビアル,13,1,95,117,80,65,70,92,519,0,0,,12,75,13
634,554,ダルマッカ,10,0,70,90,45,15,45,50,315,0,0,,149,95,0
635,555,ヒヒダルマN,10,0,105,140,55,30,55,95,480,0,0,,107,106,0
636,555-1,ヒヒダルマD,10,8,105,30,105,140,105,55,540,0,0,ダルマモード,107,106,0
637,556,マラカッチ,14,0,75,86,67,106,67,60,461,0,0,,111,222,225
638,557,イシズマイ,11,17,50,65,85,35,35,55,325,0,0,,42,66,56
639,558,イワパレス,11,17,70,105,125,65,75,45,485,0,0,,42,66,56
640,559,ズルッグ,1,3,50,75,70,35,70,48,348,0,0,,105,75,12
641,560,ズルズキン,1,3,65,90,115,45,115,58,488,0,0,,105,75,12
642,561,シンボラー,8,12,72,58,80,103,80,97,490,0,0,,206,197,18
643,562,デスマス,7,0,38,30,85,55,65,30,303,0,0,,201,0,0
644,563,デスカーン,7,0,58,50,145,95,105,30,483,0,0,,201,0,0
645,564,プロトーガ,15,17,54,78,103,53,45,22,355,0,0,,141,42,80
646,565,アバゴーラ,15,17,74,108,133,83,65,32,495,0,0,,141,42,80
647,566,アーケン,17,12,55,112,45,74,45,70,401,0,0,,226,0,0
648,567,アーケオス,17,12,75,140,65,112,65,110,567,0,0,,226,0,0
649,568,ヤブクロン,9,0,50,50,62,40,62,65,329,0,0,,3,136,218
650,569,ダストダス,9,0,80,95,82,60,82,75,474,0,0,,3,56,218
651,570,ゾロア,1,0,40,65,40,80,40,65,330,0,0,,17,0,0
652,571,ゾロアーク,1,0,60,105,60,120,60,105,510,0,0,,17,0,0
653,572,チラーミィ,18,0,55,50,40,40,40,75,300,0,0,,211,113,83
654,573,チラチーノ,18,0,75,95,60,65,60,115,470,0,0,,211,113,83
655,574,ゴチム,8,0,45,30,50,55,65,45,290,0,0,,27,37,33
656,575,ゴチミル,8,0,60,45,70,75,85,55,390,0,0,,27,37,33
657,576,ゴチルゼル,8,0,70,55,95,95,110,65,490,0,0,,27,37,33
658,577,ユニラン,8,0,45,30,40,105,50,20,290,0,0,,189,197,63
659,578,ダブラン,8,0,65,40,50,125,60,30,370,0,0,,189,197,63
660,579,ランクルス,8,0,110,65,75,125,85,30,490,0,0,,189,197,63
661,580,コアルヒー,15,12,62,44,50,44,50,55,305,0,0,,91,145,20
662,581,スワンナ,15,12,75,87,63,87,63,98,473,0,0,,91,145,20
663,582,バニプッチ,6,0,36,50,50,65,60,44,305,0,0,,2,220,56
664,583,バニリッチ,6,0,51,65,65,80,75,59,395,0,0,,2,220,56
665,584,バイバニラ,6,0,71,95,85,110,95,79,535,0,0,,2,221,56
666,585,シキジカ,18,11,60,60,50,40,50,75,335,0,0,,222,98,120
667,586,メブキジカ,18,11,80,100,70,60,70,95,475,0,0,,222,98,120
668,587,エモンガ,5,12,55,75,60,75,60,103,428,0,0,,96,122,0
669,588,カブルモ,11,0,50,75,45,40,45,60,315,0,0,,207,105,137
670,589,シュバルゴ,11,2,70,135,105,60,105,20,495,0,0,,207,66,189
671,590,タマゲタケ,14,9,69,55,45,55,55,15,294,0,0,,185,63,0
672,591,モロバレル,14,9,114,85,70,85,80,30,464,0,0,,185,63,0
673,592,プルリル,15,7,55,40,50,65,85,40,335,0,0,,111,140,68
674,593,ブルンゲル,15,7,100,60,70,85,105,60,480,0,0,,111,140,68
675,594,ママンボウ,15,0,165,75,80,40,45,65,470,0,0,,16,20,63
676,595,バチュル,11,5,50,47,50,57,50,65,319,0,0,,166,51,207
677,596,デンチュラ,11,5,70,77,60,97,60,108,472,0,0,,166,51,207
678,597,テッシード,14,2,44,50,91,24,86,10,305,0,0,,115,115,0
679,598,ナットレイ,14,2,74,94,131,54,116,20,489,0,0,,115,45,0
680,599,ギアル,2,0,40,55,70,45,60,30,300,0,0,,178,192,57
681,600,ギギアル,2,0,60,80,95,70,85,50,440,0,0,,178,192,57
682,601,ギギギアル,2,0,60,100,115,70,85,90,520,0,0,,178,192,57
683,602,シビシラス,5,0,35,55,40,45,40,60,275,0,0,,172,0,0
684,603,シビビール,5,0,65,85,70,75,70,40,405,0,0,,172,0,0
685,604,シビルドン,5,0,85,115,80,105,80,50,515,0,0,,172,0,0
686,605,リグレー,8,0,55,55,55,85,55,30,335,0,0,,117,72,6
687,606,オーベム,8,0,75,75,75,125,95,40,485,0,0,,117,72,6
688,607,ヒトモシ,7,10,50,30,55,65,55,20,275,0,0,,216,187,90
689,608,ランプラー,7,10,60,40,60,95,60,55,370,0,0,,216,187,90
690,609,シャンデラ,7,10,60,55,90,145,90,80,520,0,0,,216,187,90
691,610,キバゴ,4,0,46,87,60,30,40,57,320,0,0,,123,36,51
692,611,オノンド,4,0,66,117,70,40,50,67,410,0,0,,123,36,51
693,612,オノノクス,4,0,76,147,90,60,70,97,540,0,0,,123,36,51
694,613,クマシュン,6,0,55,70,40,60,40,40,305,0,0,,220,219,160
695,614,ツンベアー,6,0,95,130,80,70,80,50,505,0,0,,220,219,160
696,615,フリージオ,6,0,80,50,50,95,135,105,515,0,0,,172,0,0
697,616,チョボマキ,11,0,50,40,85,40,65,25,305,0,0,,20,66,189
698,617,アギルダー,11,0,80,70,40,100,60,145,495,0,0,,20,136,39
699,618,マッギョ,13,5,109,66,84,81,99,32,471,0,0,,96,76,88
700,619,コジョフー,3,0,45,85,50,55,50,65,350,0,0,,95,63,84
701,620,コジョンド,3,0,65,125,60,95,60,105,510,0,0,,95,63,84
702,621,クリムガン,4,0,77,120,90,60,90,48,485,0,0,,64,107,36
703,622,ゴビット,13,7,59,74,50,35,50,35,303,0,0,,114,177,137
704,623,ゴルーグ,13,7,89,124,80,55,80,55,483,0,0,,114,177,137
705,624,コマタナ,1,2,45,85,70,40,40,60,340,0,0,,195,95,180
706,625,キリキザン,1,2,65,125,100,60,70,70,490,0,0,,195,95,180
707,626,バッフロン,18,0,95,110,95,40,95,55,490,0,0,,84,98,188
708,627,ワシボン,18,12,70,83,50,37,50,60,350,0,0,,91,107,149
709,628,ウォーグル,18,12,100,123,75,57,75,80,510,0,0,,91,107,195
710,629,バルチャイ,1,12,70,55,75,45,65,60,370,0,0,,145,189,56
711,630,バルジーナ,1,12,110,65,105,55,95,80,510,0,0,,145,189,56
712,631,クイタラン,10,0,85,97,66,105,66,65,484,0,0,,54,216,71
713,632,アイアント,11,2,58,109,112,48,48,109,484,0,0,,207,149,131
714,633,モノズ,1,4,52,65,50,45,50,38,300,0,0,,149,0,0
715,634,ジヘッド,1,4,72,85,70,65,70,58,420,0,0,,149,0,0
716,635,サザンドラ,1,4,92,105,90,125,90,98,600,0,0,,172,0,0
717,636,メラルバ,11,10,55,85,55,50,55,60,360,0,0,,187,207,0
718,637,ウルガモス,11,10,85,60,65,135,105,100,550,0,0,,187,207,0
719,638,コバルオン,2,3,91,90,129,90,72,108,580,0,0,,94,0,0
720,639,テラキオン,17,3,91,129,90,72,90,108,580,0,0,,94,0,0
721,640,ビリジオン,14,3,91,90,72,90,129,108,580,0,0,,94,0,0
722,641,トルネロス化身,12,0,79,115,70,125,80,111,580,0,0,けしんフォーム,15,195,0
723,641-1,トルネロス霊獣,12,0,79,100,80,110,90,121,580,0,0,れいじゅうフォーム,63,0,0
724,642,ボルトロス化身,5,12,79,115,70,125,80,111,580,0,0,けしんフォーム,15,195,0
725,642-1,ボルトロス霊獣,5,12,79,105,70,145,80,101,580,0,0,れいじゅうフォーム,109,0,0
726,643,レシラム,4,10,100,120,100,150,120,90,680,0,0,,100,0,0
727,644,ゼクロム,4,5,100,150,120,120,100,90,680,0,0,,116,0,0
728,645,ランドロス化身,13,12,89,125,90,115,80,101,600,0,0,けしんフォーム,89,107,0
729,645-1,ランドロス霊獣,13,12,89,145,90,105,80,91,600,0,0,れいじゅうフォーム,12,0,0
730,646,キュレム,4,6,125,130,90,130,90,95,660,0,0,通常,180,0,0
731,646-1,ブラックキュレム,4,6,125,170,100,120,90,95,700,0,0,ブラック,116,0,0
732,646-2,ホワイトキュレム,4,6,125,120,90,170,100,95,700,0,0,ホワイト,100,0,0
733,647,ケルディオ,15,3,91,72,90,129,90,108,580,0,0,,94,0,0
734,647-1,ケルディオ覚悟,15,3,91,72,90,129,90,108,580,0,0,かくごのすがた,94,0,0
735,648,メロエッタＶ,18,8,100,77,77,128,128,90,600,0,0,ボイスフォルム,120,0,0
736,648-1,メロエッタＳ,18,3,100,128,90,77,77,128,600,0,0,ステップフォルム,120,0,0
737,649,ゲノセクト,11,2,71,120,95,120,95,99,600,0,0,,104,0,0
738,650,ハリマロン,14,0,56,61,65,48,45,38,313,0,0,,73,190,0
739,651,ハリボーグ,14,0,61,78,95,56,58,57,405,0,0,,73,190,0
740,652,ブリガロン,14,3,88,107,122,74,75,64,530,0,0,,73,190,0
741,653,フォッコ,10,0,40,45,40,62,60,60,307,0,0,,213,196,0
742,654,テールナー,10,0,59,59,58,90,70,73,409,0,0,,213,196,0
743,655,マフォクシー,10,8,75,69,72,114,100,104,534,0,0,,213,196,0
744,656,ケロマツ,15,0,41,56,40,62,44,71,314,0,0,,59,182,0
745,657,ゲコガシラ,15,0,54,63,52,83,56,97,405,0,0,,59,182,0
746,658,ゲッコウガ,15,1,72,95,67,103,71,122,530,1.5,40,,59,182,0
747,659,ホルビー,18,0,38,36,38,32,36,57,237,0,0,,214,186,108
748,660,ホルード,18,13,85,56,77,50,77,78,423,0,0,,214,186,108
749,661,ヤヤコマ,18,12,45,50,43,40,38,62,278,0,0,,145,148,0
750,662,ヒノヤコマ,10,12,62,73,55,56,52,84,382,0,0,,187,148,0
751,663,ファイアロー,10,12,78,81,71,74,69,126,499,0,0,,187,148,0
752,664,コフキムシ,11,0,38,35,40,27,25,35,200,0,0,,230,166,176
753,665,コフーライ,11,0,45,22,60,27,30,29,213,0,0,,105,176,0
754,666,ビビヨン,11,12,80,52,50,90,50,89,411,0,0,,230,166,176
755,667,シシコ,10,18,62,50,58,73,54,72,369,0,0,,123,51,75
756,668,カエンジシ,10,18,86,68,72,109,66,106,507,0,0,,123,51,75
757,669,フラベベ,16,0,44,38,39,61,79,42,303,0,0,,174,50,0
758,670,フラエッテ,16,0,54,45,47,75,98,52,371,0,0,,174,50,0
759,670-1,フラエッテＡＺ,16,0,74,65,67,125,128,92,551,0,0,エターナルフラワー,174,50,0
760,671,フラージェス,16,0,78,65,68,112,154,75,552,0,0,,174,50,0
761,672,メェークル,14,0,66,65,48,62,57,52,350,0,0,,98,55,0
762,673,ゴーゴート,14,0,123,100,62,97,81,68,531,0,0,,98,55,0
763,674,ヤンチャム,3,0,67,82,62,46,48,43,348,0,0,,114,36,47
764,675,ゴロンダ,3,1,95,124,78,69,71,58,495,0,0,,114,36,47
765,676,トリミアン,18,0,75,80,60,65,90,102,472,0,0,,161,0,0
766,677,ニャスパー,8,0,62,48,54,63,60,68,355,0,0,,91,90,193
767,678,ニャオニクス♂,8,0,74,48,76,83,81,104,466,0,0,♂,91,90,15
768,678-1,ニャオニクス♀,8,0,74,48,76,83,81,104,466,0,0,♀,91,90,37
769,679,ヒトツキ,2,7,45,80,100,35,37,28,325,0,0,,137,0,0
770,680,ニダンギル,2,7,59,110,150,45,49,35,448,0,0,,137,0,0
771,681,ギルガルド盾,2,7,60,50,150,50,150,60,520,0,0,盾,153,0,0
772,681-1,ギルガルド剣,2,7,60,150,50,150,50,60,520,0,0,剣,153,0,0
773,682,シュシュプ,16,0,78,52,60,63,65,23,341,0,0,,16,11,0
774,683,フレフワン,16,0,101,72,72,99,89,29,462,0,0,,16,11,0
775,684,ペロッパフ,16,0,62,48,66,59,57,49,341,0,0,,79,39,0
776,685,ペロリーム,16,0,82,80,86,85,75,72,480,0,0,,79,39,0
777,686,マーイーカ,1,8,53,54,53,37,46,45,288,0,0,,7,48,90
778,687,カラマネロ,1,8,86,92,88,68,75,73,482,0,0,,7,48,90
779,688,カメテテ,17,15,42,52,67,39,56,50,306,0,0,,35,85,232
780,689,ガメノデス,17,15,72,105,115,54,86,68,500,0,0,,35,85,232
781,690,クズモー,9,15,50,60,60,60,60,30,320,0,0,,127,126,112
782,691,ドラミドロ,9,4,65,75,90,97,123,44,494,0,0,,127,126,112
783,692,ウデッポウ,15,0,50,53,62,58,63,44,330,0,0,,209,0,0
784,693,ブロスター,15,0,71,73,88,120,89,59,500,0,0,,209,0,0
785,694,エリキテル,5,18,44,38,33,61,43,70,289,0,0,,41,88,65
786,695,エレザード,5,18,62,55,52,109,94,109,481,0,0,,41,88,65
787,696,チゴラス,17,4,58,89,77,45,45,48,362,0,0,,43,42,0
788,697,ガチゴラス,17,4,82,121,119,69,59,71,521,0,0,,43,14,0
789,698,アマルス,17,6,77,59,50,67,63,46,362,0,0,,175,221,0
790,699,アマルルガ,17,6,123,77,72,99,92,58,521,0,0,,175,221,0
791,700,ニンフィア,16,0,95,65,65,110,130,60,525,0,0,,211,165,0
792,701,ルチャブル,3,12,78,92,75,74,63,118,500,0,0,,76,39,36
793,702,デデンネ,5,16,67,58,57,81,67,101,431,0,0,,186,214,178
794,703,メレシー,17,16,50,50,150,50,150,50,500,0,0,,57,42,0
795,704,ヌメラ,4,0,45,50,35,55,75,40,300,0,0,,98,20,134
796,705,ヌメイル,4,0,68,75,53,83,113,60,452,0,0,,98,20,134
797,706,ヌメルゴン,4,0,90,100,70,110,150,80,600,0,0,,98,20,134
798,707,クレッフィ,2,16,57,80,91,80,87,75,470,0,0,,15,196,0
799,708,ボクレー,7,11,43,70,48,50,60,38,309,0,0,,67,27,69
800,709,オーロット,7,11,85,110,76,65,82,56,474,0,0,,67,27,69
801,710,バケッチャ,7,11,49,66,70,44,55,51,335,0,0,,214,27,171
802,710,バケッチャ小,7,11,44,66,70,44,55,56,335,0,0,,214,27,171
803,710,バケッチャ大,7,11,54,66,70,44,55,46,335,0,0,,214,27,171
804,710,バケッチャ特大,7,11,59,66,70,44,55,41,335,0,0,,214,27,171
805,711,パンプジン,7,11,65,90,122,58,75,84,494,0,0,,214,27,171
806,711,パンプジン小,7,11,55,85,122,58,75,99,494,0,0,,214,27,171
807,711,パンプジン大,7,11,75,95,122,58,75,69,494,0,0,,214,27,171
808,711,パンプジン特大,7,11,85,100,122,58,75,54,494,0,0,,214,27,171
809,712,カチコール,6,0,55,69,85,32,35,28,304,0,0,,193,2,42
810,713,クレベース,6,0,95,117,184,44,46,28,514,0,0,,193,2,42
811,714,オンバット,12,4,40,30,35,45,40,55,245,0,0,,27,90,117
812,715,オンバーン,12,4,85,70,80,97,80,123,535,0,0,,27,90,117
813,716,ゼルネアス,16,0,126,131,95,131,98,99,680,0,0,,164,0,0
814,717,イベルタル,1,12,126,131,95,131,98,99,680,0,0,,103,0,0
815,718,ジガルデ10%,4,13,54,100,71,61,85,115,486,0,0,,25,93,0
816,718-1,ジガルデ50%,4,13,108,100,121,81,95,95,600,0,0,50%フォーム,25,93,0
817,718-2,ジガルデ完全,4,13,216,100,121,91,95,85,708,0,0,100%フォーム,93,0,0
818,719,ディアンシー,17,13,50,100,150,100,150,50,600,0,0,,57,0,0
819,719-1,メガディアンシー,17,16,50,160,110,160,110,110,700,0,0,メガシンカ,198,0,0
820,720,フーパ(戒め),8,7,80,110,60,150,130,70,600,0,0,いましめられしフーパ,196,0,0
821,720-1,フーパ(解放),8,1,80,160,60,170,130,80,680,0,0,ときはなたれしフーパ,196,0,0
822,721,ボルケニオン,10,15,80,110,120,130,90,70,600,0,0,,111,0,0
823,722,モクロー,14,12,68,55,55,50,50,42,320,0,0,,73,24,0
824,723,フクスロー,14,12,78,75,75,70,70,52,420,0,0,,73,24,0
825,724,ジュナイパー,14,7,78,107,75,100,100,70,530,0,0,,73,24,0
826,725,ニャビー,10,0,45,65,40,60,40,70,320,0,0,,213,12,0
827,726,ニャヒート,10,0,65,85,50,80,50,90,420,0,0,,213,12,0
828,727,ガオガエン,10,1,95,115,90,80,90,60,530,0,0,,213,12,0
829,728,アシマリ,15,0,50,54,54,66,56,40,320,0,0,,59,19,0
830,729,オシャマリ,15,0,60,69,69,91,81,50,420,0,0,,59,19,0
831,730,アシレーヌ,15,16,80,74,74,126,116,60,530,0,0,,59,19,0
832,731,ツツケラ,18,12,35,75,30,30,30,65,265,0,0,,91,83,214
833,732,ケララッパ,18,12,55,85,50,40,50,75,355,0,0,,91,83,214
834,733,ドデカバシ,18,12,80,120,75,75,75,60,485,0,0,,91,83,107
835,734,ヤングース,18,0,48,70,30,30,30,45,253,0,0,,150,43,112
836,735,デカグース,18,0,88,110,60,55,60,45,418,0,0,,150,43,112
837,736,アゴジムシ,11,0,47,62,45,55,45,46,300,0,0,,207,0,0
838,737,デンヂムシ,11,5,57,82,95,55,75,36,400,0,0,,152,0,0
839,738,クワガノン,11,5,77,70,90,145,75,43,500,0,0,,172,0,0
840,739,マケンカニ,3,0,47,82,57,42,47,63,338,0,0,,31,114,13
841,740,ケケンカニ,3,6,97,132,77,62,67,43,478,0,0,,31,114,13
842,741,オドリドリ?,10,12,75,70,70,98,70,93,476,0,0,めらめら,26,0,0
843,741-1,オドリドリ?,5,12,75,70,70,98,70,93,476,0,0,ぱちぱち,26,0,0
844,741-2,オドリドリ?,8,12,75,70,70,98,70,93,476,0,0,ふらふら,26,0,0
845,741-3,オドリドリ?,7,12,75,70,70,98,70,93,476,0,0,まいまい,26,0,0
846,742,アブリー,11,16,40,45,40,55,40,84,304,0,0,,205,230,79
847,743,アブリボン,11,16,60,55,60,95,70,124,464,0,0,,205,230,79
848,744,イワンコ,17,0,45,65,40,30,40,60,280,0,0,,91,217,167
849,745,ルガルガン昼,17,0,75,115,65,55,65,112,487,0,0,まひるのすがた,91,87,167
850,745-1,ルガルガン夜,17,0,85,115,75,55,75,82,487,0,0,まよなかのすがた,91,217,137
851,746,ヨワシ,15,0,45,20,20,25,25,40,175,0,0,,53,53,0
852,746-1,ヨワシ(群れ),15,0,45,140,130,140,135,30,620,0,0,群れの姿,53,53,0
853,747,ヒドイデ,9,15,50,53,62,43,52,45,305,0,0,,156,76,63
854,748,ドヒドイデ,9,15,50,63,152,53,142,35,495,0,0,,156,76,63
855,749,ドロバンコ,13,0,70,100,70,45,55,45,385,0,0,,193,74,95
856,750,バンバドロ,13,0,100,125,100,55,85,35,500,0,0,,193,74,95
857,751,シズクモ,15,11,38,40,52,40,72,27,269,0,0,,81,111,0
858,752,オニシズクモ,15,11,68,70,92,50,132,42,454,0,0,,81,111,0
859,753,カリキリ,14,0,40,55,35,50,35,35,250,0,0,,228,7,0
860,754,ラランテス,14,0,70,105,90,80,90,45,480,0,0,,228,7,0
861,755,ネマシュ,14,16,40,35,55,65,75,15,285,0,0,,144,185,8
862,756,マシェード,14,16,60,45,80,90,100,30,405,0,0,,144,185,8
863,757,ヤトウモリ,9,10,48,44,40,71,40,77,320,0,0,,170,129,0
864,758,エンニュート,9,10,68,64,60,111,60,117,480,0,0,,170,129,0
865,759,ヌイコグマ,18,3,70,75,50,45,50,50,340,0,0,,215,177,211
866,760,キテルグマ,18,3,120,125,80,55,60,60,500,0,0,,215,177,51
867,761,アマカジ,14,0,42,30,38,30,38,32,210,0,0,,228,129,79
868,762,アママイコ,14,0,52,40,48,40,48,62,290,0,0,,228,129,79
869,763,アマージョ,14,0,72,120,98,50,98,72,510,0,0,,228,77,79
870,764,キュワワー,16,0,51,52,90,82,110,100,485,0,0,,174,154,67
871,765,ヤレユータン,18,8,90,60,80,90,110,60,490,0,0,,95,117,50
872,766,ナゲツケサル,3,0,100,120,90,40,60,80,490,0,0,,231,195,0
873,767,コソクムシ,11,15,25,35,40,20,30,80,230,0,0,,133,0,0
874,768,グソクムシャ,11,15,75,125,140,60,90,40,530,0,0,,44,0,0
875,769,スナバァ,7,13,55,55,80,70,45,15,320,0,0,,203,88,0
876,770,シロデスナ,7,13,85,75,110,100,75,35,480,0,0,,203,88,0
877,771,ナマコブシ,15,0,55,60,130,30,130,5,410,0,0,,124,119,0
878,772,タイプ：ヌル,18,0,95,95,95,95,95,59,534,0,0,,38,0,0
879,773,シルヴァディ,18,0,95,95,95,95,95,95,570,0,0,,1,0,0
880,774,メテノ(流星),17,12,60,60,100,60,100,60,440,0,0,りゅうせいのすがた,229,0,0
881,774-1,メテノ(コア),17,12,60,100,60,100,60,120,500,0,0,コア,229,0,0
882,775,ネッコアラ,18,0,65,115,65,75,95,65,480,0,0,,97,0,0
883,776,バクガメス,10,4,60,78,135,91,85,36,485,0,0,,66,0,0
884,777,トゲデマル,5,2,65,98,63,40,73,96,435,0,0,,115,157,42
885,778,ミミッキュ,7,16,55,90,80,50,105,96,476,0,0,,151,0,0
886,779,ハギギシリ,15,8,68,105,70,70,70,92,475,0,0,,159,43,206
887,780,ジジーロン,18,4,78,60,85,135,91,36,485,0,0,,52,98,138
888,781,ダダリン,7,14,70,131,100,86,90,40,517,0,0,,142,0,0
889,782,ジャラコ,4,0,45,55,65,45,45,45,300,0,0,,190,188,189
890,783,ジャランゴ,4,3,55,75,90,65,70,65,420,0,0,,190,188,189
891,784,ジャラランガ,4,3,75,110,125,100,105,85,600,0,0,,190,188,189
892,785,カプ・コケコ,5,16,70,115,85,95,75,130,570,0,0,,23,117,0
893,786,カプ・テテフ,8,16,70,85,75,130,115,95,570,0,0,,62,117,0
894,787,カプ・ブルル,14,16,70,130,115,85,95,75,570,0,0,,58,117,0
895,788,カプ・レヒレ,15,16,70,75,115,95,130,85,570,0,0,,202,0,0
896,789,コスモッグ,8,0,43,29,31,29,31,37,200,0,0,,119,0,0
897,790,コスモウム,8,0,43,29,131,29,131,37,400,0,0,,42,0,0
898,791,ソルガレオ,8,2,137,137,107,113,89,97,680,0,0,,210,0,0
899,792,ルナアーラ,8,7,137,113,89,137,107,97,680,0,0,,162,0,0
900,793,UB#ウツロイド,17,9,109,53,47,127,131,103,570,0,0,,158,0,0
901,794,UB#マッシブーン,11,3,107,139,139,53,53,79,570,0,0,,158,0,0
902,795,UB#フェローチェ,11,3,71,137,37,137,37,151,570,0,0,,158,0,0
903,796,UB#デンジュモク,5,0,83,89,71,173,71,83,570,0,0,,158,0,0
904,797,UB#テッカグヤ,2,12,97,101,103,107,101,61,570,0,0,,158,0,0
905,798,UB#カミツルギ,14,2,59,181,131,59,31,109,570,0,0,,158,0,0
906,799,UB#アクジキング,1,4,223,101,53,97,53,43,570,0,0,,158,0,0
907,800,ネクロズマ,8,0,97,107,101,127,89,79,600,0,0,,179,0,0
908,801,マギアナ,2,8,80,95,115,130,115,65,600,0,0,,99,0,0
909,802,マーシャドー,3,7,90,125,80,90,90,125,600,0,0,,113,0,0
910,658-1,サトシゲッコウガ,15,1,72,145,67,153,71,132,640,1.5,40,きずなへんげ,46,0,0
