id,name,effect
1,ARシステム,持っている専用の道具『メモリ』の種類に対応して自分の『タイプ』が変化する。
2,アイスボディ,天気が『あられ』の時、ダメージを受けず、毎ターン終了時にHPが最大HPの1/16回復する。
3,あくしゅう,相手に技のダメージを与えると、10%の確率でひるませる。／野生のポケモンと出会いにくくなる。
4,あついしぼう,『ほのお』『こおり』タイプの技を受けた時、ダメージが半減する。
5,あとだし,技を出す順番が必ず一番最後になる。
6,アナライズ,自分の攻撃がターンで一番最後の時、技の威力が1.3倍になる。
7,あまのじゃく,能力ランクを変化させる技の効果が逆になる(1段階上がるものは1段階下がる)。
8,あめうけざら,天気が『あめ』の時毎ターン、HPが最大HPの1/16回復する。
9,あめふらし,戦闘に出ると5ターンの間、天気が『あめ』になる。
10,ありじごく,相手は逃げたり、ポケモンを交代することができなくなる。ただし、相手が『ひこう』タイプや『ゴースト』タイプ、特性『ふゆう』の場合は効果がない。／野生のポケモンと出会いやすくなる。
11,アロマベール,自分と味方へのメンタル攻撃技『アンコール』『いちゃもん』『かいふくふうじ』『かなしばり』『ちょうはつ』『メロメロ』を無効化する。
12,いかく,戦闘に出たときに相手の『こうげき』ランクを1段階下げる。／レベルの低い野生のポケモンと出会いにくくなる。
13,いかりのつぼ,自分への攻撃が急所に当たると、『こうげき』ランクが最大まで上がる。
14,いしあたま,技『アフロブレイク』『ウッドハンマー』『じごくぐるま』『すてみタックル』『とっしん』『フレアドライブ』『ブレイブバード』『ボルテッカー』『もろはのずつき』『ワイルドボルト』の反動を受けない。技『わるあがき』の反動は受ける。
15,いたずらごころ,自分の使う変化技の優先度が1だけ加算される。優先度0の変化技も優先度+1として『すばやさ』に関係なく先制攻撃できる。ただし『あく』タイプの相手には変化技がすべて失敗する(第6世代は条件なし)。
16,いやしのこころ,毎ターン終了時、1/3の確率で自分以外の味方の状態異常が治る。
17,イリュージョン,手持ちの最後のポケモンの姿と名前で戦闘に出る。『タイプ』や能力に変化はない。ダメージを受けると元に戻る。
18,いろめがね,自分の技のタイプ相性が『こうかは いまひとつのようだ』の場合、1/2倍の時は通常に、1/4倍の時は1/2倍になる。
19,うるおいボイス,自分の音系の技『いびき』『いやしのすず』『いやなおと』『うたう』『うたかたのアリア』『エコーボイス』『おしゃべり』『おたけび』『きんぞくおん』『くさぶえ』『さわぐ』『スケイルノイズ』『すてゼリフ』『チャームボイス』『ちょうおんぱ』『ないしょばなし』『なきごえ』『バークアウト』『ハイパーボイス』『ばくおんぱ』『ほえる』『ほろびのうた』『むしのさざめき』『りんしょう』の『タイプ』がすべて『みず』タイプになる。
20,うるおいボディ,天気が『あめ』の時、ターン終了時に状態異常が回復する。
21,エアロック,全てのポケモンに対しての天気の影響がなくなる。
22,エレキスキン,自分の『ノーマル』タイプの技が『でんき』タイプになり、さらに威力が1.2倍になる。
23,エレキメイカー,戦闘に出ると5ターンの間、場の状態を『エレキフィールド』にする。(『ひこう』タイプや特性『ふゆう』などではない地面にいるすべてのポケモンは、『ねむり』状態にならず、また『でんき』タイプの技の威力が1.5倍になる)
24,えんかく,自分の使う技はすべて直接攻撃ではなくなる。
25,オーラブレイク,お互いのポケモンの特性『フェアリーオーラ』『ダークオーラ』の効果において、威力が4/3倍ではなく3/4倍(0.75倍)になる。
26,おどりこ,場にいるポケモンが踊り系の技『ちょうのまい』『つるぎのまい』『はなびらのまい』『フェザーダンス』『フラフラダンス』『ほのおのまい』『みかづきのまい』『めざめるダンス』『りゅうのまい』を使うと、その直後に同じ技を使える。(自分の選択した技はこの特性とは別にもう一度行動できる)
27,おみとおし,戦闘に出てきた時、すべての相手の持っている道具の名前が分かる。
28,おやこあい,同じ技を1ターンに2回攻撃できる。2回目の攻撃は、威力が0.25倍になる。能力ランクを下げるなどの効果は2回分与えられる。1ターンに連続して攻撃する技や、複数の相手に攻撃する技の場合は2回攻撃できない。(第6世代は2回目威力0.5倍)
29,おわりのだいち,戦闘に出ている間、天気が『ひざしがとてもつよい』になる。通常の天気『ひざしがつよい』状態に加えて、『みず』タイプの攻撃技が無効になる。また、技『あまごい』『にほんばれ』『すなあらし』『あられ』が失敗し、特性『あめふらし』『ひでり』『すなおこし』『ゆきふらし』が発動しなくなる。
30,カーリーヘアー,直接攻撃を受けると、相手の『すばやさ』ランクを1段階下げる。
31,かいりきバサミ,『こうげき』ランクが下がらない。
32,かがくのちから,場にいる味方のポケモンが『ひんし』状態になった時、自分の特性がそのポケモンと同じ特性になる。場から離れると元に戻る。(ダブルバトル用)
33,かげふみ,相手は逃げたり、ポケモンを交代することができなくなる。お互いが特性『かげふみ』の場合は無効になる。『ゴースト』タイプには無効。
34,かそく,毎ターン、『すばやさ』ランクが1段階ずつ上がる。
35,かたいツメ,直接攻撃する技の威力が1.3倍になる。
36,かたやぶり,相手の特性の影響を受けずに攻撃できる。ただし、攻撃後に受ける効果は消えない。
37,かちき,相手の技や特性で能力ランクが下がると、『とくこう』ランクが2段階上がる。自分や味方の技で下がった場合は効果がない。
38,カブトアーマー,自分への攻撃は急所に当たらない。
39,かるわざ,持っている道具がなくなると『すばやさ』が2倍になる。再び道具を持つと元に戻る。最初から道具を持っていない場合は効果がない。
40,かわりもの,戦闘に出ると、相手のポケモンに変身し、『へんしん』状態になる。
42,がんじょう,HPが最大の時、『ひんし』状態になるダメージを受けても必ず1残る。また、一撃で『ひんし』になる技『じわれ』『ぜったいれいど』『つのドリル』『ハサミギロチン』を受けない。
43,がんじょうあご,あごやキバを使って攻撃する技『かみつく』『かみくだく』『ひっさつまえば』『ほのおのキバ』『かみなりのキバ』『こおりのキバ』『どくどくのキバ』『サイコファング』の威力が1.5倍になる。
41,かんそうはだ,『ほのお』タイプの技の受けるダメージが1.25倍になる。『みず』タイプの技を受けると、ダメージを受けずHPが最大HPの1/4回復する。また、天気が『ひざしがつよい』の時は毎ターン最大HPの1/8のダメージを受け、『あめ』の時は毎ターンHPが最大HPの1/8回復する。
44,ききかいひ,相手の技のダメージで自分の残りHPが半分以下になると、他の手持ちのポケモンと交代する。相手の技のダメージ以外の場合や、すでに残りHPが半分以下の場合は発動しない。なお、野生のポケモンが相手の場合は交代せずに逃げ出す。
45,きけんよち,戦闘に出てきた時、相手が『こうかは ばつぐん』や一撃必殺となる技を持っているかが分かる。技の名前などは分からない。
46,きずなへんげ,自分の技で相手を倒すと、通常の『ゲッコウガ』から『サトシゲッコウガ』にフォルムチェンジする。
47,きもったま,相手が『ゴースト』タイプでも、『ノーマル』『かくとう』タイプの技が等倍で当たる。
52,ぎゃくじょう,自分の残りHPが半分以下になると『とくこう』ランクが1段階上がる。
48,きゅうばん,相手を交代させる技『ふきとばし』『ほえる』『ドラゴンテール』『ともえなげ』の効果を受けない。／『てもち』の先頭にいると釣りが成功しやすくなる。
49,きょううん,急所ランクが1段階上がった状態となり、自分の攻撃が急所に当たりやすくなる。
50,きょうせい,味方が道具を使ったり失った時、自分の持っている道具を味方に移動する。
53,ぎょぐん,レベル20以上になると、残りHPが最大HPの1/4以上であれば、場に出た時かターン終了時に『むれたすがた』にフォルムチェンジする。残りHPが最大HPの1/4以下になると、ターン終了時に『たんどくのすがた』に戻る。
51,きんちょうかん,すべての相手は『きのみ』を使用できなくなる。
54,くいしんぼう,通常より早く、HPが最大HPの半分以下になると『きのみ』を使う。
55,くさのけがわ,場の状態が『グラスフィールド』の時、『ぼうぎょ』が1.5倍になる。
56,くだけるよろい,物理技を受けると、『ぼうぎょ』ランクが1段階下がり、『すばやさ』ランクが2段階上がる。(第6世代は1段階)
58,グラスメイカー,戦闘に出ると5ターンの間、場の状態を『グラスフィールド』にする。(『ひこう』タイプや特性『ふゆう』などではない地面にいるすべてのポケモンは、毎ターン最大HPの1/16ずつ回復し、また『くさ』タイプの技の威力が1.5倍になり、技『じしん』『じならし』『マグニチュード』の受けるダメージが半減する)
57,クリアボディ,相手の能力ランクを下げる技や特性の効果を受けない。
59,げきりゅう,HPが1/3以下の時、『みず』タイプの技の威力が1.5倍になる。
60,こんじょう,状態異常の時、『こうげき』が1.5倍になる。またその時、『やけど』状態による『こうげき』半減の効果を受けない。
61,サーフテール,場の状態が『エレキフィールド』の時、『すばやさ』が2倍になる。
62,サイコメイカー,戦闘に出ると5ターンの間、場の状態を『サイコフィールド』にする。(『ひこう』タイプや特性『ふゆう』などではない地面にいるすべてのポケモンは、先制技を受けなくなり、また『エスパー』タイプの技の威力が1.5倍になる)
63,さいせいりょく,他のポケモンに交代するとHPが最大HPの1/3回復する。
64,さめはだ,直接攻撃を受けると、相手のHPを相手の最大HPの1/8減らす。
65,サンパワー,天気が『ひざしがつよい』の時、『とくこう』が1.5倍になるが、毎ターン終了時に最大HPの1/8のダメージを受ける。
66,シェルアーマー,自分への攻撃は急所に当たらない。
74,じきゅうりょく,技のダメージを受けると、『ぼうぎょ』ランクが1段階上がる。
75,じしんかじょう,自分の技で相手を倒すと、『こうげき』ランクが1段階上がる。
67,しぜんかいふく,他のポケモンに交代すると異常状態が回復する。
68,しめりけ,全てのポケモンは技『じばく』『だいばくはつ』及び、特性『ゆうばく』が無効になる。
69,しゅうかく,ターン終了時、そのターン自分が使用した『きのみ』が50%の確率で元に戻る。天気が『ひざしがつよい』の時は100%の確率で元に戻る。
76,じゅうなん,『まひ』状態にならない。
70,しょうりのほし,自分と味方の技の命中率が上がる。
77,じょおうのいげん,自分と味方は、相手の先制技を受けない。なお、自分が使う先制技や味方から受ける先制技には影響しない。
78,じりょく,相手の『はがね』タイプのポケモンは逃げたり、ポケモンを交代することができなくなる。／『はがね』タイプの野生のポケモンと出会いやすくなる。
71,しろいけむり,相手の能力ランクを下げる技や特性の効果を受けない。／野生のポケモンと出会いにくくなる。
72,シンクロ,『どく』『まひ』『やけど』状態になった時、相手も同じ状態異常になる。／同じ『せいかく』の野生のポケモンと出会いやすくなる。
73,しんりょく,HPが1/3以下の時、『くさ』タイプの技の威力が1.5倍になる。
79,スイートベール,自分や味方のポケモンは『ねむり』状態にならない。
80,すいすい,天気が『あめ』の時、『すばやさ』が2倍になる。
81,すいほう,『みず』タイプの技の威力が2倍になる。また、『ほのお』タイプの技を受けた時、ダメージが半減する。さらに『やけど』状態にならない。
82,スカイスキン,自分の『ノーマル』タイプの技が『ひこう』タイプになり、さらに威力が1.2倍になる。(第6世代は1.3倍)
83,スキルリンク,1ターンに2～5回連続で攻撃する技『おうふくビンタ』『スイープビンタ』『タネマシンガン』『たまなげ』『つっぱり』『つららばり』『とげキャノン』『ボーンラッシュ』『ミサイルばり』『みずしゅりけん』『みだれづき』『みだれひっかき』『れんぞくパンチ』『ロックブラスト』が必ず5回当たる。
84,すてみ,技『アフロブレイク』『ウッドハンマー』『じごくぐるま』『すてみタックル』『とっしん』『とびげり』『とびひざげり』『もろはのずつき』『フレアドライブ』『ブレイブバード』『ボルテッカー』『ワイルドボルト』の威力が1.2倍になる。
85,スナイパー,自分の攻撃が急所に当たると、ダメージが1.5倍ではなく2.25倍になる。
86,すなおこし,戦闘に出ると5ターンの間、天気が『すなあらし』になる。
87,すなかき,天気が『すなあらし』の時、『すばやさ』が2倍になる。また、『すなあらし』によるダメージを受けない。
88,すながくれ,天気が『すなあらし』の時、回避率が上がる。また、『すなあらし』によるダメージを受けない。／フィールドの天気が『すなあらし』の時、野生のポケモンと出会いにくくなる。
89,すなのちから,天気が『すなあらし』の時、自分の『じめん』『いわ』『はがね』タイプの技の威力が1.3倍になる。また、『すなあらし』によるダメージを受けない。
90,すりぬけ,相手の『オーロラベール』『リフレクター』『ひかりのかべ』『しろいきり』『しんぴのまもり』『みがわり』の効果を受けない。
91,するどいめ,命中率ランクが下がらない。相手の回避率ランクが上がっていても、影響を受けない。／レベルの低い野生のポケモンと出会いにくくなる。
92,スロースタート,戦闘に出てから5ターンの間、『こうげき』『すばやさ』が半分になる。
93,スワームチェンジ,自分の残りHPが半分以下になると『パーフェクトフォルム』にフォルムチェンジする。
94,せいぎのこころ,『あく』タイプの技を受けると、『こうげき』ランクが1段階上がる。
95,せいしんりょく,相手の技で『ひるみ』状態にならない。なお、技『きあいパンチ』には影響しない。
96,せいでんき,直接攻撃を受けると、30%の確率で相手を『まひ』状態にする。／『でんき』タイプの野生のポケモンと出会いやすくなる。
97,ぜったいねむり,常に『ねむり』状態で、他の状態異常にならない。『ねむり』状態で技を出せる。
98,そうしょく,『くさ』タイプの技を受けると技が無効化され、『こうげき』ランクが1段階上がる。
99,ソウルハート,場にいるポケモンが『ひんし』状態になる度に、自分の『とくこう』ランクが1段階上がる。
103,ダークオーラ,お互いのすべてのポケモンの『あく』タイプの技の威力が4/3倍(1.33倍)になる。
100,ターボブレイズ,相手の特性の影響を受けずに攻撃できる。ただし、攻撃後に受ける効果は消えない。
101,たいねつ,『ほのお』タイプの技を受けた時と、『やけど』状態によるダメージが半減する。
104,ダウンロード,相手の『ぼうぎょ』が『とくぼう』より低い場合は『こうげき』ランクを、『とくぼう』の方が低い場合は『とくこう』ランクを1段階上げる。
105,だっぴ,ターンごとに1/3の確率で状態異常が治る。
106,ダルマモード,自分の残りHPが半分以下になるとフォルムチェンジする。回復して半分より多くなると元に戻る。
102,たんじゅん,能力ランクの変化が2倍になる。
107,ちからずく,追加効果のある技を使うと、追加効果が発動しない代わりに威力が1.3倍になる。また、追加効果がある技を使うと、道具『いのちのたま』の反動効果や『かいがらのすず』の回復効果を受けない。攻撃対象の相手の道具『だっしゅつボタン』『レッドカード』『アッキのみ』『タラプのみ』の効果も受けない。なお、自分の能力ランクを下げる技や反動技は追加効果の対象ではない。
108,ちからもち,自分の物理技の威力が2倍になる。
109,ちくでん,『でんき』タイプの技を受けるとダメージや効果はなくなり、最大HPの1/4回復する。
110,ちどりあし,『こんらん』状態の時、回避率が上がる。
111,ちょすい,『みず』タイプの技を受けるとダメージや効果はなくなり、最大HPの1/4回復する。
112,てきおうりょく,自分の『タイプ』と同じ『タイプ』の技のダメージが1.5倍ではなく2倍になる。
113,テクニシャン,威力が60以下の技の威力が1.5倍になる。威力の変動する技や、威力が修正された場合も影響する。
114,てつのこぶし,パンチ系の技『アームハンマー』『かみなりパンチ』『きあいパンチ』『グロウパンチ』『コメットパンチ』『シャドーパンチ』『スカイアッパー』『ドレインパンチ』『ばくれつパンチ』『バレットパンチ』『ピヨピヨパンチ』『ほのおのパンチ』『マッハパンチ』『メガトンパンチ』『れいとうパンチ』『れんぞくパンチ』の威力が1.2倍になる。
115,てつのトゲ,直接攻撃を受けると、相手のHPを相手の最大HPの1/8減らす。
116,テラボルテージ,相手の特性の影響を受けずに攻撃できる。ただし、攻撃後に受ける効果は消えない。
121,デルタストリーム,戦闘に出ている間、天気が『らんきりゅう』になる。『ひこう』タイプのポケモンの弱点となるタイプの技のダメージが通常のダメージになる。また、ごく一部のポケモンを除いて天気を他の状態に変えることができなくなり、技『あまごい』『にほんばれ』『すなあらし』『あられ』が失敗し、特性『あめふらし』『ひでり』『すなおこし』『ゆきふらし』が発動しなくなる。
117,テレパシー,味方の技のダメージを受けない。
122,でんきエンジン,『でんき』タイプの技を受けるとダメージや効果はなくなり、『すばやさ』ランクが1段階上がる。
118,てんきや,天気が『ひざしがつよい』の時は『ほのお』タイプに、『あめ』の時は『みず』タイプに、『あられ』の時は『こおり』タイプになり、姿がそれぞれ変化する。
119,てんねん,相手の能力ランクの変化の影響を受けない。
120,てんのめぐみ,技の追加効果の発生率が2倍になる。
123,とうそうしん,性別が同じ相手に対しては『こうげき』『とくこう』が1.25倍になるが、異なる場合は0.75倍になる。性別のないポケモンの場合は効果がない。
126,どくしゅ,相手に直接攻撃をすると、30%の確率で相手を『どく』状態にする。
127,どくのトゲ,直接攻撃を受けると、30%の確率で相手を『どく』状態にする。
128,どくぼうそう,『どく』『もうどく』状態の時、自分の物理技の威力が1.5倍になる。
124,とびだすなかみ,相手の技のダメージによって『ひんし』になった時、その最後の技を受けた時に残っていたHP分のダメージを技を使った相手に与える。
125,トレース,相手と同じ特性になる。相手が2体いる場合はランダムにどちらかの特性が選ばれる。相手の特性が『てんきや』『トレース』『バトルスイッチ』の場合は効果がない。
129,どんかん,『メロメロ』『ちょうはつ』『ゆうわく』状態にならない。
130,ナイトメア,相手が『ねむり』状態の時、相手のHPを相手の最大HPの1/8減らす。
131,なまけ,攻撃後、次のターンは技が使えなくなる。交代などは可能。技『スキルスワップ』で入れ替えることや『いえき』で特性を無効化することはできるが、『シンプルビーム』『なかまづくり』『なやみのタネ』は効果がない。
132,にげあし,野生のポケモンとの戦闘の場合、必ず逃げられる。
133,にげごし,相手の技のダメージで自分の残りHPが半分以下になると、他の手持ちのポケモンと交代する。相手の技のダメージ以外の場合や、すでに残りHPが半分以下の場合は発動しない。なお、野生のポケモンが相手の場合は交代せずに逃げ出す。
134,ぬめぬめ,直接攻撃を受けると、相手の『すばやさ』ランクを1段階下げる。
135,ねつぼうそう,『やけど』状態の時、自分の特殊技の威力が1.5倍になる。
136,ねんちゃく,持っている道具を相手に奪われない。／『てもち』の先頭にいると釣りが成功しやすくなる。
137,ノーガード,お互いに技が命中率・回避率に関係なく必ず命中する。／野生のポケモンと出会いやすくなる。
138,ノーてんき,全てのポケモンに対しての天気の影響がなくなる。
139,ノーマルスキン,自分の全ての技が『ノーマル』タイプになる。さらに威力が1.2倍になる。(第6世代は威力上昇なし)
140,のろわれボディ,相手から技を受けた時、30%の確率で3ターンの間、その相手の技を『かなしばり』状態にする。技が無効化された場合や、自分が『みがわり』状態の場合は発動しない。
141,ハードロック,タイプ相性が『こうかは ばつぐん』の技の受けるダメージが3/4になる。例えば、本来2倍弱点の場合は1.5倍のダメージに軽減される。
142,はがねつかい,『はがね』タイプの技の威力が1.5倍になる。
151,ばけのかわ,1回だけ相手の技のダメージや『こんらん』状態による自傷ダメージを無効化し、フォルムチェンジする(能力などは変化しない)。ダメージ以外の効果や、状態異常、天気や道具、特性によるダメージなどには影響しない。一度フォルムチェンジすると、場から離れてもバトル中は元に戻らない。
143,はじまりのうみ,戦闘に出ている間、天気が『つよいあめ』になる。通常の天気『あめ』状態に加えて、『ほのお』タイプの攻撃技が無効になる。また、技『あまごい』『にほんばれ』『すなあらし』『あられ』が失敗し、特性『あめふらし』『ひでり』『すなおこし』『ゆきふらし』が発動しなくなる。
144,はっこう,／野生のポケモンと出会いやすくなる。
152,バッテリー,味方のポケモンの特殊技の威力が1.3倍になる。(ダブルバトル用)
145,はとむね,相手の『ぼうぎょ』ランクを下げる技や特性の効果を受けない。
153,バトルスイッチ,攻撃技を使用する場合ブレードフォルムになり(攻撃・特攻が高い)、技『キングシールド』を使用するとシールドフォルムになる(防御・特防が高い)。
146,はやあし,状態異常の時、『すばやさ』が1.5倍になる。／野生のポケモンと出会いにくくなる。
147,はやおき,『ねむり』状態の時、ねむり状態のターン経過が2倍になり、通常より早く回復する。
148,はやてのつばさ,自分の残りHPが最大値の時、優先度0の『ひこう』タイプの技を『すばやさ』に関係なく先制攻撃できる(優先度:+1)。(第6世代はHPの条件なし)
149,はりきり,『こうげき』が1.5倍になるが、物理攻撃の命中率が0.8倍になる。／レベルの高い野生のポケモンと出会いやすくなる。
150,はりこみ,相手がポケモンを交代する時に攻撃すると、交代して出てきたポケモンに2倍のダメージを与える。
158,ビーストブースト,自分の技で相手を倒すと、自分の最も高い能力の能力ランクが1段階上がる。
154,ヒーリングシフト,自分の使う回復技の優先度が3だけ加算される。優先度0の回復技も優先度+3として『すばやさ』に関係なく先制攻撃できる。対象となる回復技は『こうごうせい』や『ドレインキッス』『フラワーヒール』『ねむる』など技の直接効果で回復する技のみで、『やどりぎのタネ』や『グラスフィールド』など状態変化技には影響しない。
155,ひでり,戦闘に出ると5ターンの間、天気が『ひざしがつよい』になる。
156,ひとでなし,相手が『どく』『もうどく』状態の時、自分の攻撃が必ず急所に当たる。
159,ビビッドボディ,自分と味方は、相手の先制技を受けない。なお、自分が使う先制技や味方から受ける先制技には影響しない。
160,びびり,『ゴースト』『むし』『あく』タイプの技を受けた時、『すばやさ』ランクが1段階上がる。
157,ひらいしん,『でんき』タイプの技を受けるとダメージが無効化され、自分の『とくこう』ランクが1段階上がる。またダブルバトル・バトルロイヤル時、自分以外の全てのポケモンの『でんき』タイプの単体攻撃技の攻撃対象が自分になる。(攻撃対象が複数の技の場合はそのまま)
161,ファーコート,物理攻撃の受けるダメージが半減する。
162,ファントムガード,自分の残りHPが最大値の時、受けるダメージが半減される。また、相手の特性『かたやぶり』や技『メテオドライブ』『シャドーレイ』の影響を受けない。
163,フィルター,タイプ相性が『こうかは ばつぐん』の技の受けるダメージが3/4になる。例えば、2倍弱点の場合は1.5倍のダメージになる。
164,フェアリーオーラ,お互いのすべてのポケモンの『フェアリー』タイプの技の威力が4/3倍(1.33倍)になる。
165,フェアリースキン,自分の『ノーマル』タイプの技が『フェアリー』タイプになり、さらに威力が1.2倍になる。(第6世代は1.3倍)
177,ぶきよう,持っている道具の効果が発揮されない。
166,ふくがん,命中率が1.3倍になる。／『てもち』の先頭にいると道具を持った野生のポケモンと出会いやすくなる。
167,ふくつのこころ,相手の技でひるむと、『すばやさ』ランクが1段階上がる。
168,ふしぎなうろこ,状態異常の時、『ぼうぎょ』が1.5倍になる。
169,ふしぎなまもり,タイプ相性が『こうかは ばつぐん』でない技のダメージを受けない。ただし、タイプ相性に関係のない技は影響しない。
170,ふしょく,『どく』『はがね』タイプのポケモンも『どく』『もうどく』状態にできる。
171,ふみん,『ねむり』状態にならない。技『ねむる』を使えない。この特性を獲得する前に『ねむり』状態になっていた場合は、『ねむり』状態を回復する。
172,ふゆう,『じめん』タイプの技を受けない。また、技『どくびし』『まきびし』や特性『ありじごく』の効果を受けない。
178,プラス,特性『プラス』か『マイナス』のポケモンが戦闘にいると『とくこう』が1.5倍になる。
173,フラワーギフト,天気が『ひざしがつよい』の時、すべての味方の『こうげき』『とくぼう』が1.5倍になる。
174,フラワーベール,味方すべての『くさ』タイプのポケモンは、味方自身以外の技や特性によって能力ランクを下げられず、状態異常にもならない。
175,フリーズスキン,自分の『ノーマル』タイプの技が『こおり』タイプになり、さらに威力が1.2倍になる。(第6世代は1.3倍)
179,プリズムアーマー,タイプ相性が『こうかは ばつぐん』の技の受けるダメージが3/4になる。例えば、本来2倍弱点の場合は1.5倍のダメージに軽減される。また、相手の特性『かたやぶり』や技『メテオドライブ』『シャドーレイ』の影響を受けない。
180,プレッシャー,技を受けた時、技のPPを2減らす。／レベルの高い野生のポケモンと出会いやすくなる。
176,フレンドガード,自分以外の味方が受けるダメージが3/4に軽減される。(ダブルバトル用)
184,ヘヴィメタル,自分の『おもさ』が2倍になる。(技『ヘビーボンバー』などで有効)
181,ヘドロえき,HPを吸い取る技『きゅうけつ』『ギガドレイン』『すいとる』『ドレインキッス』『ドレインパンチ』『メガドレイン』『やどりぎのタネ』を受けた時、逆に相手にダメージを与える。
182,へんげんじざい,自分の技を出すタイミングで、自分のタイプが技と同じタイプになる。
183,へんしょく,技を受けると、その技のタイプになる。
191,ポイズンヒール,『どく』状態の時毎ターン、HPが減らずに最大HPの1/8だけ回復する。『もうどく』状態でも回復量は変わらない。
188,ぼうおん,音系の技『いびき』『いやしのすず』『いやなおと』『うたう』『うたかたのアリア』『エコーボイス』『おしゃべり』『おたけび』『きんぞくおん』『くさぶえ』『さわぐ』『スケイルノイズ』『すてゼリフ』『チャームボイス』『ちょうおんぱ』『ないしょばなし』『なきごえ』『バークアウト』『ハイパーボイス』『ばくおんぱ』『ほえる』『ほろびのうた』『むしのさざめき』『りんしょう』を受けない。
185,ほうし,直接攻撃を受けると、30%の確率で相手を『どく』『まひ』『ねむり』状態のいずれかにする。
189,ぼうじん,天気『あられ』『すなあらし』によるダメージを受けない。粉系の技『いかりのこな』『キノコのほうし』『しびれごな』『どくのこな』『ねむりごな』『ふんじん』『わたほうし』、特性『ほうし』の効果を受けない。
190,ぼうだん,たま・爆弾系の技『アイスボール』『アシッドボム』『ウェザーボール』『エナジーボール』『エレキボール』『オクタンほう』『かえんだん』『かふんだんご』『がんせきほう』『きあいだま』『くちばしキャノン』『ジャイロボール』『シャドーボール』『タネばくだん』『タネマシンガン』『タマゴばくだん』『たまなげ』『でんじほう』『どろばくだん』『はどうだん』『ヘドロばくだん』『マグネットボム』『ミストボール』を無効化する。
186,ほおぶくろ,自分の持っている『きのみ』を食べる時、本来の効果に加えて、さらにHPも最大HPの1/3回復する。
187,ほのおのからだ,直接攻撃を受けると、30%の確率で相手を『やけど』状態にする。／『てもち』にいると、ポケモンのタマゴが2倍かえりやすくなる。
192,マイナス,特性『プラス』か『マイナス』のポケモンが戦闘にいると『とくこう』が1.5倍になる。
193,マイペース,『こんらん』状態にならない。
194,マグマのよろい,『こおり』状態にならない。／『てもち』にいると、ポケモンのタマゴが2倍かえりやすくなる。
195,まけんき,相手の技や特性で能力ランクが下がった時、自分の『こうげき』ランクが2段階上がる。自分や味方の技で下がった場合は効果がない。
196,マジシャン,自分の攻撃時、技を当てた相手が持っている道具を奪う。
197,マジックガード,直接のダメージ以外を受けない。具体的には、『どく』『やけど』状態や特性『さめはだ』『てつのトゲ』『とびだすなかみ』『ヘドロえき』『ゆうばく』、天気『あられ』『すなあらし』、技『あくむ』『うずしお』『からではさむ』『しめつける』『ステルスロック』『すなじごく』『どくびし』『のろい』『はじけるほのお』『ふんじん』『ほのおのうず』『ほのおのちかい』『まきつく』『まきびし』『マグマストーム』『まとわりつく』『やどりぎのタネ』によるダメージ、反動のある技による反動ダメージや失敗時に受けるダメージ、『ニードルガード』『ふんじん』によるダメージ、道具『いのちのたま』『くっつきバリ』『くろいヘドロ』『ゴツゴツメット』の効果によるダメージを受けない。ただし『こんらん』『じばく』『だいばくはつ』『わるあがき』などには影響しない。
198,マジックミラー,技『マジックコート』で跳ね返すことのできる技を跳ね返せる。
199,マルチスケイル,自分の残りHPが最大値の時、受けるダメージが半減される。
200,マルチタイプ,持っている『プレート』に対応して『タイプ』が変化する。
201,ミイラ,直接攻撃を受けると、相手の特性を『ミイラ』にする(相手の本来の特性を無効化する)。
203,みずがため,『みず』タイプの技を受けると、『ぼうぎょ』ランクが2段階上がる。
202,ミストメイカー,戦闘に出ると5ターンの間、場の状態を『ミストフィールド』にする。(『ひこう』タイプや特性『ふゆう』などではない地面にいるすべてのポケモンは、状態異常にならず、また『ドラゴン』タイプの技の受けるダメージが半減する)
204,みずのベール,『やけど』状態にならない。
205,みつあつめ,／道具を持っていない時、戦闘後にどうぐ『あまいミツ』を拾ってくることがある。戦闘に参加しなくてもよい。レベルが高い程、拾ってくる確率が上がる。
206,ミラクルスキン,相手の変化技の命中する確率が50%より大きい場合、命中率が50%になる。
207,むしのしらせ,HPが1/3以下の時、『むし』タイプの技の威力が1.5倍になる。
208,ムラっけ,毎ターン終了時、『こうげき』『ぼうぎょ』『とくこう』『とくぼう』『すばやさ』『回避率』『命中率』いずれかのランクが2段階上がり、別のランクが1段階下がる。
209,メガランチャー,波動系の技『あくのはどう』『はどうだん』『みずのはどう』『りゅうのはどう』の技の威力が1.5倍になり、『いやしのはどう』は最大HPの3/4回復する。
210,メタルプロテクト,相手の能力ランクを下げる技や特性の効果を受けない。また、相手の特性『かたやぶり』の影響を受けない。
211,メロメロボディ,直接攻撃を受けると、30%の確率で相手を『メロメロ』状態にする。性別が同じ場合や、性別不明の場合は効果がない。／異なる性別の野生のポケモンと出会いやすくなる。
212,めんえき,『どく』状態にならない。
213,もうか,HPが1/3以下の時、『ほのお』タイプの技の威力が1.5倍になる。
214,ものひろい,毎ターン終了時に、そのターンに相手や味方(相手が優先)が消費した道具を拾って自分のものにする。自分が道具を持っていない時のみ発動する。『だっしゅつボタン』『ふうせん』には効果がない。／道具を持っていない時、戦闘後に10%の確率で道具を拾ってくる。戦闘に参加しなくてもよい。レベルに応じて拾ってくる道具が変化する。
215,もふもふ,直接攻撃の技を受けた時、ダメージが半減する。また、『ほのお』タイプの技を受けた時、ダメージが2倍になる。
216,もらいび,『ほのお』タイプの技のダメージや効果を受けず、以後自分の『ほのお』タイプの技の威力が1.5倍になる。
217,やるき,『ねむり』状態にならない。技『ねむる』を使えない。／レベルの高い野生のポケモンと出会いやすくなる。
218,ゆうばく,相手の直接攻撃で『ひんし』になった時、相手に相手の最大HPの1/4のダメージを与える。
219,ゆきかき,天気が『あられ』の時、『すばやさ』が2倍になる。また、『あられ』によるダメージを受けない。
220,ゆきがくれ,天気が『あられ』の時、相手の技の命中率が0.8倍になる。また、『あられ』によるダメージを受けない。／フィールドの天気が『あられ』の時、野生のポケモンと出会いにくくなる。
221,ゆきふらし,戦闘に出ると5ターンの間、天気が『あられ』になる。
222,ようりょくそ,天気が『ひざしがつよい』の時、『すばやさ』が2倍になる。
223,ヨガパワー,自分の物理技の威力が2倍になる。
224,よちむ,戦闘に出ると相手の覚えている技のうち、最も威力の高い技の名前が分かる。同じ威力の技がある場合はランダム。
225,よびみず,『みず』タイプの技を受けるとダメージが無効化され、自分の『とくこう』ランクが1段階上がる。またダブルバトル・バトルロイヤルの時、自分以外の全てのポケモンの『みず』タイプの単体攻撃技の攻撃対象が自分になる。(攻撃対象が複数の技の場合はそのまま)
226,よわき,自分のHPが半分以下になると、『こうげき』『とくこう』が半減する。
227,ライトメタル,自分の『おもさ』が半分になる。(技『けたぐり』『くさむすび』対策などで有効)
228,リーフガード,天気が『ひざしがつよい』の時、状態異常にならない。
229,リミットシールド,自分の残りHPが半分より多い時は防御に特化したフォルムで状態異常にならず、半分以下になると攻撃に特化したフォルムになる。
230,りんぷん,技の追加効果を受けない。
231,レシーバー,場にいる味方のポケモンが『ひんし』状態になった時、自分の特性がそのポケモンと同じ特性になる。場から離れると元に戻る。(ダブルバトル用)
232,わるいてぐせ,直接攻撃を受けた時、相手の持っている道具を奪う。
