id,name,up_status,down_status,is_synchro
1,さみしがり,A,B,FALSE
2,いじっぱり,A,C,FALSE
3,やんちゃ,A,D,TRUE
4,ゆうかん,A,S,FALSE
5,ずぶとい,B,A,FALSE
6,わんぱく,B,C,FALSE
7,のうてんき,B,D,TRUE
8,のんき,B,S,FALSE
9,ひかえめ,C,A,FALSE
10,おっとり,C,B,FALSE
11,うっかりや,C,D,FALSE
12,れいせい,C,S,FALSE
13,おだやか,D,A,TRUE
14,おとなしい,D,B,TRUE
15,しんちょう,D,C,FALSE
16,なまいき,D,S,FALSE
17,おくびょう,S,A,TRUE
18,せっかち,S,B,TRUE
19,ようき,S,C,FALSE
20,むじゃき,S,D,TRUE
21,てれや,-,-,FALSE
22,がんばりや,-,-,FALSE
23,すなお,-,-,FALSE
24,きまぐれ,-,-,FALSE
25,まじめ,-,-,FALSE
