id,name,jap_name,jap_name_kana,sort_num
1,Dark,悪,あく,16
2,Steel,鋼,はがね,17
3,Fighting,格闘,かくとう,7
4,Dragon,ドラゴン,ドラゴン,15
5,Electric,電気,でんき,4
6,Ice,氷,こおり,6
7,Ghost,ゴースト,ゴースト,9
8,Psychic,エスパー,エスパー,10
9,Poison,毒,どく,14
10,Fire,炎,ほのお,2
11,Bug,虫,むし,13
12,Flying,飛行,ひこう,8
13,Ground,地面,じめん,12
14,Grass,草,くさ,5
15,Water,水,みず,3
16,Fairy,フェアリー,フェアリー,18
17,Rock,岩,いわ,11
18,Normal,ノーマル,ノーマル,1
